;stops;busstops
Abgeordnetenhaus (Berlin);2;2.0
Achardstr. (Berlin);2;2.0
Adalbertstr. (Berlin);2;2.0
Adersleber Weg (Berlin);2;2.0
Adlergestell/Glienicker Weg (Berlin);2;2.0
Adlergestell/Vetschauer Allee (Berlin);1;1.0
Adolf-Scheidt-Platz (Berlin);2;2.0
Adolfstr. (Berlin);2;2.0
Agathe-Lasch-Platz (Berlin);3;3.0
Ahlener Weg (Berlin);2;2.0
Ahrensdorfer Str. (Berlin);2;2.0
Ahrensfelde, Bahnhof Friedhof;2;2.0
Ahrensfelde, Fasanenstr.;2;
Ahrensfelde, Feldstr.;1;1.0
Ahrensfelde, Kirche;2;2.0
Ahrensfelde, Kirschenallee;2;
Ahrensfelde, Mehrower Str.;1;
Albert-Einstein-Str. (Berlin);2;2.0
Albertstr. (Berlin);2;2.0
Alboinplatz (Berlin);2;2.0
Alboinstr./Arnulfstr. (Berlin);2;2.0
Albrechtstr./Manteuffelstr. (Berlin);2;2.0
Alemannenstr. (Berlin);2;2.0
Alemannenstr./Maximiliankorso (Berlin);2;2.0
Alexander-Meißner-Str. (Berlin) ;2;2.0
Alexanderstr. (Berlin);2;2.0
Alexandrinenstr. (Berlin);2;2.0
Alfons-Loewe-Str. (Berlin);1;1.0
Alfred-Kowalke-Str. (Berlin);2;2.0
Alice-Herz-Platz (Berlin);1;1.0
Allee der Kosmonauten/Poelchaustr. (Berlin);2;2.0
Alliiertenmuseum (Berlin);2;2.0
Almutstr. (Berlin);2;2.0
Alsterweg (Berlin);2;2.0
Alt-Biesdorf (Berlin);2;2.0
Alt-Buch (Berlin);2;2.0
Alt-Buch/Wiltbergstr. (Berlin);3;3.0
Alt-Buckow (Berlin);4;4.0
Alt-Buckow/Dorfteich (Berlin);1;1.0
Alt-Friedrichsfelde 60 (Berlin);2;3.0
Alt-Friedrichsfelde/Gensinger Str. (Berlin);3;3.0
Alt-Gatow (Berlin);4;6.0
Alt-Hohenschönhausen (Berlin);2;2.0
Alt-Karow (Berlin);2;2.0
Alt-Karow/Bahnhofstr. (Berlin);1;1.0
Alt-Karow/Straße 74 (Berlin);2;2.0
Alt-Kaulsdorf/Chemnitzer Str. (Berlin);2;2.0
Alt-Kladow (Berlin);6;6.0
Alt-Lübars (Berlin);2;2.0
Alt-Marzahn (Berlin);2;2.0
Alt-Moabit/Gotzkowskystr. (Berlin);4;4.0
Alt-Moabit/Rathaus Tiergarten (Berlin);4;5.0
Alt-Moabit/Rathenower Str. (Berlin);3;3.0
Alt-Rudow/Köpenicker Str. (Berlin);2;2.0
Alt-Schönow (Berlin);2;2.0
Alt-Staaken Kirche (Berlin);2;2.0
Alt-Stralau (Berlin);2;2.0
Alt-Treptow (Berlin);1;1.0
Alt-Wittenau/Roedernallee (Berlin);2;2.0
Alte Allee (Berlin);2;2.0
Alte Erpe (Berlin);2;2.0
Alte Hellersdorfer/Zossener Str. (Berlin);2;2.0
Altenburger Allee (Berlin);1;1.0
Altensteinstr./Fabeckstr. (Berlin);2;2.0
Altentreptower Str. (Berlin);2;2.0
Alter Bernauer Heerweg (Berlin);2;
Alter Schönefelder Weg (Berlin);1;1.0
Altes Wasserwerk (Berlin);2;2.0
Altglienicke Kirche (Berlin);3;3.0
Altglienicker Brücke (Berlin);2;2.0
Altkanzlerstr. (Berlin);2;2.0
Altmarkstr. (Berlin);2;2.0
Am Baltenring (Berlin);1;1.0
Am Berg (Berlin);2;2.0
Am Birkenhügel (Berlin);2;2.0
Am Birkenknick (Berlin);2;2.0
Am Bogen (Berlin);2;2.0
Am Brandpfuhl (Berlin);2;2.0
Am Dachsbau (Berlin);2;2.0
Am Dianaplatz (Berlin);2;2.0
Am Fischtal (Berlin);2;2.0
Am Friedrichshain/Hufelandstr. (Berlin);2;2.0
Am Gehrensee (Berlin);2;2.0
Am Gemeindepark (Berlin);3;3.0
Am Graben (Berlin);2;2.0
Am Großen Rohrpfuhl (Berlin);1;1.0
Am Großen Wannsee (Berlin);1;1.0
Am Hanffgraben (Berlin);3;7.0
Am Hegewinkel (Berlin);2;2.0
Am Heidefriedhof (Berlin);3;3.0
Am Hellespont (Berlin);1;1.0
Am Hügel (Berlin);2;2.0
Am Kesselpfuhl (Berlin);2;2.0
Am Kiesberg (Berlin);1;1.0
Am Kleinen Wannsee (Berlin);2;2.0
Am Klötzgraben (Berlin);2;
Am Kornfeld (Berlin);2;2.0
Am Kurzen Weg (Berlin);2;2.0
Am Luchgraben (Berlin);2;2.0
Am Nordhafen (Berlin);2;2.0
Am Oberhafen (Berlin);2;2.0
Am Pilz (Berlin);2;2.0
Am Postfenn (Berlin);2;2.0
Am Rehwechsel (Berlin);2;2.0
Am Rohrgarten (Berlin);2;2.0
Am Rollberg (Berlin);2;2.0
Am Rosenhag (Berlin);2;2.0
Am Rudower Waldrand (Berlin);2;2.0
Am Rötepfuhl (Berlin);2;2.0
Am Sandwerder (Berlin);2;2.0
Am Steinberg (Berlin);2;2.0
Am Studio/Köpenicker Str. (Berlin);2;2.0
Am Tegeler Fließ (Berlin);2;2.0
Am Theodorpark (Berlin);2;2.0
Am Wasserturm (Berlin);3;3.0
Am Wiesengrund (Berlin);2;2.0
Am Wäldchen (Berlin);2;2.0
Am Zeppelinpark (Berlin);2;2.0
Am alten Gaswerk (Berlin);2;2.0
Amalienstr. (Berlin);2;2.0
Amandastr. (Berlin);1;1.0
Amendestr. (Berlin);1;1.0
Amfortasweg (Berlin);2;2.0
Amorbacher Weg (Berlin);2;2.0
An den Achterhöfen (Berlin);2;2.0
An den Siedlergärten (Berlin);1;1.0
An der Buche (Berlin);2;2.0
An der Rehwiese (Berlin);2;2.0
An der Schneise (Berlin);2;2.0
An der Urania (Berlin);6;6.0
An der Wuhle (Berlin);2;2.0
Andreasstr./Lange Str. (Berlin);2;2.0
Andréezeile (Berlin);2;3.0
Anemonenstr. (Berlin);2;2.0
Angerweg (Berlin);2;2.0
Ankogelweg (Berlin);2;2.0
Anna-Seghers-Str. (Berlin);3;3.0
Anne-Frank-Str. (Berlin);2;2.0
Annenweg (Berlin);2;
Annweilerweg (Berlin);2;2.0
Antwerpener Str. (Berlin);2;2.0
Aristide-Briand-Brücke (Berlin);2;2.0
Arkenberge (Berlin);3;
Arnfriedstr. (Berlin);2;2.0
Arnikaweg (Berlin);2;2.0
Arnimallee (Berlin);2;2.0
Arnold-Zweig-Str. (Berlin);2;2.0
Aroser Allee/Gotthardstr. (Berlin);4;4.0
Asbestweg (Berlin);2;2.0
Ascherslebener Weg (Berlin);2;2.0
Ashdodstr. (Berlin);2;2.0
Askanierring (Berlin);2;2.0
Asternplatz (Berlin);2;2.0
Atrium (Berlin);2;2.0
Atzpodienstr. (Berlin);1;1.0
August-Froehlich-Str. (Berlin);2;2.0
Auguste-Viktoria-A./Humboldtstr. (Berlin);2;2.0
Auguste-Viktoria-Allee/Quäkerstr. (Berlin);2;2.0
Auguste-Viktoria-Klinikum (Berlin);2;2.0
Auguste-Viktoria-Klinikum Süd (Berlin);2;2.0
Aurorafalterweg (Berlin);2;2.0
Außenweg (Berlin);2;2.0
Bachstelzenweg (Berlin);2;2.0
Bachstr. (U Hansaplatz) (Berlin);2;2.0
Badenallee (Berlin);1;1.0
Badener Ring (Berlin);2;2.0
Badeweg (Berlin);2;2.0
Bahnhofstr./Lindenstr. (Berlin);2;2.0
Bahnhofstr./Seelenbinderstr. (Berlin);3;3.0
Balatonstr. (Berlin);2;2.0
Baldersheimer Weg (Berlin);2;2.0
Ballonplatz (Berlin);2;2.0
Baluschekweg (Berlin);2;2.0
Bambachstr. (Berlin);2;2.0
Bamberger Str. (Berlin);2;2.0
Barbarossastr. (Berlin);2;2.0
Barnetstr./Steinstr. (Berlin);2;2.0
Barnimplatz (Berlin);2;3.0
Barther Str. (Berlin);2;2.0
Baumschulenstr./Köpenicker Landstr. (Berlin);3;3.0
Baußnernweg (Berlin);2;2.0
Bayernring (Berlin);2;2.0
Bayreuther Str. (Berlin);2;2.0
Beatrice-Zweig-Str. (Berlin);2;2.0
Beermannstr. (Berlin);1;1.0
Beerwinkel (Berlin);2;2.0
Beeskowdamm (Berlin);2;2.0
Behrenstr./Wilhelmstr. (Berlin);1;1.0
Behring-Krankenhaus (Berlin);2;2.0
Beifußweg (Berlin);1;1.0
Bekassinenweg (Berlin);2;2.0
Bellevuepark (Berlin);2;2.0
Bellevuestr. (Berlin);2;2.0
Belziger Ring (Berlin);2;2.0
Belßstr./Marienfelder Allee (Berlin);2;2.0
Benediktinerstr. (Berlin);2;2.0
Benfeyweg (Berlin);1;1.0
Bennostr. (Berlin);2;2.0
Bentschener Weg (Berlin);2;2.0
Benzstr. (Berlin);3;3.0
Bergaustr. (Berlin);2;2.0
Bergholzstr. (Berlin);2;2.0
Bergmannstr. (Berlin);2;2.0
Bergrutenpfad (Berlin);2;2.0
Bergstr. (Berlin);2;2.0
Berlin, Aalemannufer;4;4.0
Berlin, Adalbertstr./Oranienstr.;5;5.0
Berlin, Ahornallee;2;2.0
Berlin, Albertinenstr.;2;2.0
Berlin, Albrechtshof Bhf;1;1.0
Berlin, Alt-Blankenburg;3;3.0
Berlin, Alt-Friedrichsfelde/Rhinstr.;3;4.0
Berlin, Alt-Heiligensee;3;3.0
Berlin, Alt-Mahlsdorf;2;2.0
Berlin, Alt-Müggelheim;3;4.0
Berlin, Alt-Pichelsdorf;3;3.0
Berlin, Alt-Schmöckwitz;4;6.0
Berlin, Am Friedrichshain;4;4.0
Berlin, Am Kiesteich;3;3.0
Berlin, Am Nordgraben/Oranienburger Str.;3;3.0
Berlin, Am Omnibushof;6;8.0
Berlin, Am Seegraben;2;2.0
Berlin, Am Vierrutenberg;2;2.0
Berlin, Am Volkspark;4;4.0
Berlin, Amtsgerichtsplatz;3;3.0
Berlin, An der Mühle;5;5.0
Berlin, Appenzeller Str.;7;7.0
Berlin, Arnouxstr.;2;2.0
Berlin, Attilaplatz;4;4.0
Berlin, Aubertstr.;5;8.0
Berlin, Baumschulenstr./Königsheideweg;4;4.0
Berlin, Berkaer Str./Breite Str.;5;5.0
Berlin, Betckestr.;3;3.0
Berlin, Bethaniendamm;4;4.0
Berlin, Betriebshof Britz;3;3.0
Berlin, Betriebshof Köpenick;2;1.0
Berlin, Betriebshof Marzahn;2;2.0
Berlin, Bismarckstr./Bergstr.;4;4.0
Berlin, Blankenburger Str./Grumbkowstr.;3;3.0
Berlin, Blankenburger Weg;4;4.0
Berlin, Blankenfelder Str.;2;2.0
Berlin, Bleibtreustr.;2;2.0
Berlin, Blücherstr.;4;4.0
Berlin, Boelckestr./Hoeppnerstr.;4;4.0
Berlin, Bogenstr.;2;2.0
Berlin, Boyenstr.;2;2.0
Berlin, Brandenburgplatz;2;2.0
Berlin, Breitehornweg;4;4.0
Berlin, Brunnenstr./Invalidenstr.;4;4.0
Berlin, Brunsbütteler Damm/Ruhlebener Str.;6;6.0
Berlin, Bucher Chaussee/Achillesstr.;4;4.0
Berlin, Buschkrugallee/Parchimer Allee;3;3.0
Berlin, Bürgerpark Pankow;4;4.0
Berlin, Carmerplatz;3;3.0
Berlin, Carstennstr./Ringstr.;4;4.0
Berlin, Cecilienstr./Blumberger Damm;4;4.0
Berlin, Cecilienstr./Oberfeldstr.;3;3.0
Berlin, Chronisteneck;2;2.0
Berlin, Colditzstr.;2;2.0
Berlin, Colditzstr./Ullsteinstr.;2;3.0
Berlin, Coloniaallee;2;2.0
Berlin, Columbiadamm/Friesenstr.;3;3.0
Berlin, Conradstr./Ernststr.;3;3.0
Berlin, Dammweg/Sonnenallee;4;4.0
Berlin, Dominicusstr./Hauptstr.;5;5.0
Berlin, Donnersmarckplatz;4;4.0
Berlin, Dudenstr./Katzbachstr.;4;4.0
Berlin, Durlacher Str.;2;2.0
Berlin, Döberitzer Weg;3;3.0
Berlin, East Side Gallery;2;2.0
Berlin, Eichborndamm/Antonienstr.;4;4.0
Berlin, Eichenstr./Puschkinallee;3;3.0
Berlin, Elsenstr./S Treptower Park;2;3.0
Berlin, Erkstr.;4;4.0
Berlin, Fabeckstr.;2;2.0
Berlin, Falkenplatz;5;5.0
Berlin, Falkenseer Chaussee/Stadtrandstr.;4;4.0
Berlin, Falkenseer Chaussee/Zeppelinstr.;4;4.0
Berlin, Fanningerstr.;1;1.0
Berlin, Fischerhüttenstr.;4;4.0
Berlin, Freiheit;1;1.0
Berlin, Freudstr.;3;3.0
Berlin, Frobenstr.;2;3.0
Berlin, Frühlingstr.;4;4.0
Berlin, Fuldastr.;2;2.0
Berlin, Galenstr.;4;3.0
Berlin, Gatower Str./Heerstr.;4;4.0
Berlin, Goethestr.;2;2.0
Berlin, Greifswalder Str./Ostseestr.;2;2.0
Berlin, Gutsstr.;4;5.0
Berlin, Hahneberg;4;5.0
Berlin, Hauptstr./Friedrich-Engels-Str.;4;4.0
Berlin, Heerstr./Magistratsweg;3;3.0
Berlin, Heerstr./Nennhauser Damm;3;4.0
Berlin, Heerstr./Wilhelmstr.;4;4.0
Berlin, Heidereuterstr.;2;2.0
Berlin, Heinrich-Grüber-Platz;1;1.0
Berlin, Herzbergstr./Siegfriedstr.;2;2.0
Berlin, Hielscherstr.;2;2.0
Berlin, Hirschgarten;2;2.0
Berlin, Hugenottenplatz;4;4.0
Berlin, Illigstr./Schichauweg;1;1.0
Berlin, Invalidenpark;3;3.0
Berlin, Jungfernstieg;4;4.0
Berlin, Kaiser-Friedrich-Str./Kantstr.;4;4.0
Berlin, Kaisereiche;4;4.0
Berlin, Kantstr./Leibnizstr.;4;4.0
Berlin, Kaulsdorfer Str.;2;2.0
Berlin, Kieler Str.;2;2.0
Berlin, Kolonie Märkische Heide;2;2.0
Berlin, Krkhs. Köpenick/Besuchereingang;3;3.0
Berlin, Kurpromenade;2;2.0
Berlin, Lichtenberger Brücke Nord;1;1.0
Berlin, Lichtenberger Brücke Süd;1;1.0
Berlin, Lichtenrader Damm/Barnetstr.;4;4.0
Berlin, Lindenstr./Oranienstr.;4;4.0
Berlin, Lutoner Str.;3;3.0
Berlin, Magistratsweg/Brunsbütteler Damm;4;4.0
Berlin, Margaretenstr.;2;2.0
Berlin, Melanchthonplatz;4;4.0
Berlin, Messedamm/ZOB;2;2.0
Berlin, Moritzstr.;4;4.0
Berlin, Müggelseedamm/Bölschestr.;2;2.0
Berlin, Navarraplatz;1;1.0
Berlin, Nettelbeckplatz/S Wedding;4;4.0
Berlin, Neue Filandastraße;2;2.0
Berlin, Neukladower Allee;2;2.0
Berlin, Neuruppiner Str.;3;3.0
Berlin, Nikolaiviertel;1;1.0
Berlin, Nordend;2;2.0
Berlin, Obentrautstr./U Mehringdamm;1;1.0
Berlin, Onkel-Tom-Str.;2;2.0
Berlin, Osloer Str./Prinzenallee;2;2.0
Berlin, Parnemannweg;3;3.0
Berlin, Pasedagplatz;3;3.0
Berlin, Pastor-Niemöller-Platz;4;4.0
Berlin, Paulstr.;2;2.0
Berlin, Pionierstr./Zeppelinstr.;4;4.0
Berlin, Planitzstr.;3;3.0
Berlin, Prerower Platz;3;3.0
Berlin, Rahnsdorfer Str.;4;4.0
Berlin, Rathaus Köpenick;1;1.0
Berlin, Rathaus Pankow;3;3.0
Berlin, Reimerweg;4;4.0
Berlin, Rosenthal Nord;2;
Berlin, Rubensstr./S Friedenau;2;2.0
Berlin, Rummelsburger Platz;2;2.0
Berlin, S+U Pankow/Granitzstr. (Berlin);2;2.0
Berlin, Sandstr.;3;3.0
Berlin, Savignyplatz;3;3.0
Berlin, Schloßplatz Köpenick;4;5.0
Berlin, Schlüterstr.;2;2.0
Berlin, Schönhauser Allee/Bornholmer Str.;2;2.0
Berlin, Schütte-Lanz-Str./Lichterfelder Ring;2;2.0
Berlin, Seegefelder Weg/Klosterbuschweg;4;4.0
Berlin, Sophie-Charlotten-Str.;3;3.0
Berlin, Staaken Bhf;2;
Berlin, Tunnelstr.;4;5.0
Berlin, Turmstr./Beusselstr.;4;4.0
Berlin, Turmstr./Lübecker Str.;1;2.0
Berlin, Varian-Fry-Str./Potsdamer Platz;2;2.0
Berlin, Veitstr.;2;2.0
Berlin, Virchow-Klinikum;2;2.0
Berlin, Waldkrankenhaus;5;6.0
Berlin, Wassersportallee;2;2.0
Berlin, Welsestr.;2;2.0
Berlin, Weltlingerbrücke;3;3.0
Berlin, Wernitzer Str.;2;2.0
Berlin, Westerwaldstr.;3;3.0
Berlin, Wolliner Str.;2;2.0
Berlin, Wröhmännerpark;2;2.0
Berlin, Wutzkyallee/Fritz-Erler-Allee;2;2.0
Berlin, Zehlendorf Eiche;8;8.0
Berlin, Zentraler Festplatz;1;1.0
Berlin, Zeppelinstr./Seegefelder Str.;3;3.0
Berlin, Ziegelhof;4;5.0
Berlin, Zum Seeblick;1;1.0
Berliner Allee/Rennbahnstr. (Berlin);4;4.0
Berliner Großmarkt (Berlin);2;2.0
Berliner Schloss (Berlin);2;2.0
Berlinickeplatz (Berlin);4;4.0
Bernadottestr. (Berlin);2;2.0
Bernauer Str./Wassersportvereine (Berlin);2;2.0
Berner Str. (Berlin);2;2.0
Bernshausener Ring (Berlin);2;2.0
Bessemerstr. (Berlin);2;2.0
Betonwerk (Berlin);2;2.0
Betriebshof Indira-Gandhi-Str. (Berlin);2;2.0
Betriebshof Lichtenberg (Berlin);4;4.0
Beuthener Str. (Berlin);2;2.0
Biberburg (Berlin);2;2.0
Biesdorfer Promenade (Berlin);2;2.0
Bildhauerweg (Berlin);2;2.0
Billy-Wilder-Promenade (Berlin);2;2.0
Binger Str. (Berlin);2;2.0
Binzstr. (Berlin);2;2.0
Birger-Forell-Platz (Berlin);2;2.0
Birkbuschstr./Klingsorstr. (Berlin);3;3.0
Birkenhaag (Berlin);2;2.0
Birkenstr./Rathenower Str. (Berlin);1;1.0
Birkholzer Weg/Straße 4 (Berlin);2;
Birkholzer Weg/Straße 8 (Berlin);2;
Birkhuhnweg (Berlin);1;1.0
Bismarckplatz (Berlin);2;2.0
Bismarckstr./Kaiser-Friedrich-Str. (Berlin);2;2.0
Bismarckstr./Leibnizstr. (Berlin);2;2.0
Bitscher Str. (Berlin);2;2.0
Blanckertzweg (Berlin);2;2.0
Blankenburger Chaussee/Straße 42 (Berlin);2;2.0
Blankenburger Chaussee/Straße 45 (Berlin);2;2.0
Blankenburger Pflasterweg (Berlin);2;2.0
Blankenfelde Kirche (Berlin);2;2.0
Blankenhainer Str. (Berlin);2;2.0
Blasewitzer Ring (Berlin);2;2.0
Blitzenroder Ring (Berlin);2;2.0
Blockdammweg (Berlin);2;2.0
Blohmstr./Illigstr. (Berlin);1;1.0
Blomberger Weg (Berlin);2;2.0
Blumberger Damm/Elisabethstr. (Berlin);3;3.0
Blumberger Damm/Gärten der Welt (Berlin);2;2.0
Bohnsdorf Kirche (Berlin);2;2.0
Bohnsdorfer Weg (Berlin);2;2.0
Bolchener Str. (Berlin);2;2.0
Bollestr. (Berlin);2;2.0
Boothstr. (Berlin);2;2.0
Bootsbauerstr. (Berlin);2;2.0
Borchertweg (Berlin);2;2.0
Borkzeile (Berlin);2;2.0
Bornhagenweg (Berlin);1;1.0
Borsigwalder Weg (Berlin);2;2.0
Boschpoler Platz (Berlin);2;2.0
Boschpoler Str. (Berlin);1;1.0
Boschweg (Berlin);2;2.0
Botanischer Volkspark (Berlin);2;2.0
Bouchéstr. (Berlin);2;2.0
Boxberger Str. (Berlin);2;2.0
Boxhagener Platz (Berlin);1;1.0
Brabanter Platz (Berlin);2;2.0
Braillestr. (Berlin);2;2.0
Brandwerder (Berlin);2;2.0
Branitzer Str. (Berlin);2;2.0
Braunellensteig (Berlin);2;2.0
Brebacher Weg (Berlin);2;3.0
Bredereckstr. (Berlin);1;1.0
Brehmestr. (Berlin);2;2.0
Breite Str./Markt (Berlin);2;2.0
Breitkopfstr. (Berlin);2;2.0
Breitscheidplatz (Berlin);2;2.0
Bremer Str. (Berlin);2;2.0
Breslauer Platz (Berlin);2;2.0
Brienzer Str. (Berlin);2;2.0
Bristolstr. (Berlin);2;2.0
Britzer Damm/Gradestr. (Berlin);4;4.0
Britzer Damm/Mohriner Allee (Berlin);3;3.0
Britzer Garten (Berlin);2;2.0
Britzer Str. (Berlin);1;1.0
Brixplatz (Berlin);3;3.0
Brockenstr. (Berlin);2;2.0
Brodowiner Ring (Berlin);2;2.0
Brotteroder Str. (Berlin);2;2.0
Bruchsaler Str. (Berlin);2;2.0
Bruchstückgraben (Berlin);2;2.0
Bruchwitzstr. (Berlin);2;2.0
Brunnenplatz (Berlin);2;2.0
Bruno-Bürgel-Weg (Berlin);2;2.0
Bruno-Wille-Str. (Berlin);2;2.0
Brunsbütteler Damm/Nennhauser Damm (Berlin);2;2.0
Brunsbütteler Damm/Stadtgrenze (Berlin);2;1.0
Brusebergstr. (Berlin);2;2.0
Brücke-Museum/Kunsthaus Dahlem (Berlin);2;2.0
Brüggemannstr./AVK Ost (Berlin);2;2.0
Buchfinkweg (Berlin);2;2.0
Buchholzer Str. 55-61 (Berlin);1;1.0
Buchholzer Str./Wackenbergstr. (Berlin);1;1.0
Buchholzweg (Berlin);2;2.0
Buchhorster Str. (Berlin);2;2.0
Buchsbaumweg (Berlin);1;1.0
Buckower Damm/Gutschmidtstr. (Berlin);3;3.0
Buckower Damm/Ringslebenstr. (Berlin);2;2.0
Buckower Ring (Berlin);2;2.0
Budapester Str. (Berlin);2;2.0
Buddestr. (Berlin);2;2.0
Bulgarische Str. (Berlin);1;1.0
Bundesarchiv (Berlin);2;2.0
Bundeswehrkrankenhaus (Berlin);2;2.0
Burscheider Weg (Berlin);2;2.0
Buschallee (Berlin);1;2.0
Buschiner Str. (Berlin);2;2.0
Buschkrug (Berlin);6;7.0
Buschower Weg (Berlin);2;2.0
Busseallee (Berlin);2;2.0
Bäkestr. (Berlin);2;2.0
Bärenlauchstr. (Berlin);2;2.0
Bärensteinstr. (Berlin);3;3.0
Bäumerplan (Berlin);2;2.0
Bötzow-Bahn (Berlin);2;2.0
Bötzowstr. (Berlin);2;2.0
Büchnerweg (Berlin);2;2.0
Bühler Weg (Berlin);2;2.0
Bürgerablage (Berlin);2;2.0
Bürknersfelder Str. Ost (Berlin);1;1.0
Bürknersfelder Str. West (Berlin);1;1.0
Bütower Str. (Berlin);2;2.0
Calauer Str. (Berlin);2;2.0
Caligariplatz (Berlin);1;1.0
Camphausenstr. (Berlin);2;2.0
Campus Buch (Berlin);1;
Campus Buch Nord (Berlin);2;2.0
Cautiusstr. (Berlin);2;2.0
Ceciliengärten (Berlin);2;2.0
Cecilienstr./Blohmstr. (Berlin);1;1.0
Cecilienstr./Hellersdorfer Str. (Berlin);2;2.0
Cecilienstr./Wuhle (Berlin);2;2.0
Celsiusstr. Nord (Berlin);2;2.0
Celsiusstr. Süd (Berlin);2;2.0
Champagneweg (Berlin);2;2.0
Charité - Campus Benjamin Franklin (Berlin);2;2.0
Charité - Campus Mitte (Berlin);2;2.0
Charlottenstr. (Berlin);2;2.0
Charlottenstr./Chausseestr. (Berlin);2;2.0
Chausseehaus (Berlin);2;2.0
Chemnitzer Str./Jägerstr. (Berlin);2;2.0
Chlodwigstr. (Berlin);2;2.0
Chris-Gueffroy-Allee (Berlin);2;2.0
Christoph-Kolumbus-Str. (Berlin);2;2.0
Clauertstr. (Berlin);2;2.0
Clayallee/Oskar-Helene-Park (Berlin);2;2.0
Columbiadamm/Platz der Luftbrücke (Berlin);1;1.0
Conrad-Blenkle-Str. (Berlin);2;2.0
Conradstr. (Berlin);1;1.0
Corneliusbrücke (Berlin);2;2.0
Cranachstr. (Berlin);2;2.0
Culemeyerstr. (Berlin);2;2.0
Cyclopstr. (Berlin);2;2.0
DRK-Kliniken Westend (Berlin);3;4.0
Dachdeckerweg (Berlin);2;2.0
Dahlemer Weg (Berlin);2;2.0
Dahrendorfzeile (Berlin);2;2.0
Daimlerstr./Industriegebiet (Berlin);2;2.0
Dallgow-Döberitz, Havelpark;3;
Dallgower Str. (Berlin);2;2.0
Dammweg/Bergaustr. (Berlin);2;2.0
Dankmarsteig (Berlin);2;2.0
Dardanellenweg (Berlin);2;2.0
Darser Str. (Berlin);2;2.0
Darßer Str./Piesporter Str. (Berlin);2;2.0
Darßer Str./Ribnitzer Str. (Berlin);2;2.0
Darßer Str./Roelckestr. (Berlin);2;2.0
Daumstr./Rhenaniastr. (Berlin);2;2.0
Deidesheimer Str. (Berlin);2;2.0
Delbrückstr. (Berlin);2;2.0
Delmer Steig (Berlin);2;2.0
Demminer Str. (Berlin);2;2.0
Dennewitzplatz (Berlin);2;2.0
Dessauer Str. (Berlin);3;4.0
Detmolder Str./Blissestr. (Berlin);2;2.0
Deutsches Theater (Berlin);2;2.0
Deutschhofer Allee (Berlin);2;2.0
Diakoniezentrum Heiligensee (Berlin);2;2.0
Dianastr. (Berlin);2;2.0
Didostr. (Berlin);2;2.0
Dietrichinger Weg (Berlin);2;2.0
Dietzgenstr./Mittelstr. (Berlin);2;2.0
Dillenburger Str. (Berlin);2;2.0
Dillgesstr. (Berlin);2;2.0
Dirschelweg (Berlin);2;2.0
Dohlengrund (Berlin);2;2.0
Dohnensteig (Berlin);2;2.0
Doku.-zentrum NS-Zwangsarbeit (Berlin);1;1.0
Dolomitenstr. (Berlin);2;2.0
Dominikus-Krankenhaus (Berlin);2;2.0
Domnauer Str. (Berlin);2;2.0
Domäne Dahlem (Berlin);2;2.0
Donizettistr. (Berlin);2;2.0
Donizettistr./Lemkestr. (Berlin);2;2.0
Donizettistr./Straußstr. (Berlin);2;2.0
Dorfaue Heiligensee (Berlin);2;2.0
Dorfstr./Lindenberger Str. (Berlin);3;3.0
Dovebrücke (Berlin);2;2.0
Drachholzstr. (Berlin);2;2.0
Drakestr./Gardeschützenweg (Berlin);2;2.0
Drakestr./Ringstr. (Berlin);2;2.0
Dregerhoffstr. (Berlin);1;1.0
Drewitzer Str. (Berlin);2;2.0
Drontheimer Str. (Berlin);2;2.0
Drosselweg (Berlin);2;2.0
Dröpkeweg (Berlin);2;2.0
Drössestr. (Berlin);2;2.0
Dubliner Str. (Berlin);2;2.0
Dyrotzer Str. (Berlin);2;2.0
Dämeritzstr. (Berlin);2;2.0
Döhlauer Pfad (Berlin);2;2.0
Dönhoffstr. (Berlin);2;2.0
Düsseldorfer Str. (Berlin);2;2.0
E.-Brändström-Str./Neumannstr. (Berlin);2;2.0
Eckenerweg (Berlin);2;2.0
Edelweißstr. (Berlin);1;1.0
Edenkobener Weg (Berlin);2;2.0
Eduard-Müller-Platz (Berlin);2;2.0
Edwin-Redslob-Str. (Berlin);2;2.0
Egelingzeile (Berlin);2;2.0
Egelpfuhlstr. (Berlin);2;2.0
Egestorffstr. (Berlin);2;2.0
Ehrenbergstr. (Berlin);2;2.0
Ehrenmal Schönholz (Berlin);2;2.0
Eichbuschallee (Berlin);2;2.0
Eichbuschallee/Köpenicker Landstr. (Berlin);2;2.0
Eichbuschplatz (Berlin);1;1.0
Eiche, Ahrensfelder Chaussee;2;
Eiche, Dorf;1;
Eiche, Gärtnerstr.;2;
Eiche, Kaufpark;1;1.0
Eiche, Süd;1;1.0
Eichenauer Weg (Berlin);2;2.0
Eichenhofweg (Berlin);2;2.0
Eichenstr. (Berlin);2;2.0
Eichenstr./Waldstr. (Berlin);2;2.0
Eichhorster Weg/Finsterwalder Str. (Berlin);2;2.0
Einbecker Str./Rosenfelder Str. (Berlin);2;2.0
Einsteinpark (Berlin);2;2.0
Eisenacher Str./Gärten der Welt (Berlin);1;1.0
Eisenacher Str./Hohenstaufenstr. (Berlin);2;2.0
Eisenbahnstr. (Berlin);2;2.0
Eisenblätterstr. (Berlin);2;2.0
Eisenzahnstr. (Berlin);2;2.0
Eiswaldtstr. (Berlin);2;2.0
Eiswerderstr. (Berlin);2;2.0
Eitelstr. (Berlin);2;2.0
Elgersburger Str. (Berlin);2;2.0
Elisabethstr./Oberfeldstr. (Berlin);3;3.0
Elsenallee (Berlin);2;2.0
Elsenstr./Harzer Str. (Berlin,);2;2.0
Elsenstr./Kiefholzstr. (Berlin);2;2.0
Elsenteich (Berlin);1;1.0
Elsflether Weg (Berlin);2;2.0
Elsterplatz (Berlin);4;4.0
Emil-Basdeck-Str. (Berlin);2;2.0
Emma-Ihrer-Str. (Berlin);2;2.0
Emmentaler Str./Reginhardstr. (Berlin);2;2.0
Emmichstr. (Berlin);2;2.0
Emser Str. (Berlin);2;2.0
Engadiner Weg (Berlin);2;2.0
Engelhardstr./Pilotenstr. (Berlin);2;2.0
Engelroder Weg (Berlin);2;2.0
Eosanderstr. (Berlin);2;2.0
Erdener Str. (Berlin);2;2.0
Eresburgstr. (Berlin);2;2.0
Erich-Baron-Weg (Berlin);1;1.0
Erich-Weinert-Str. (Berlin);2;2.0
Erieseering (Berlin);2;2.0
Erinnerungsstätte Marienfelde (Berlin);2;2.0
Erkner, Berliner Str.;2;
Erkner, Robinienweg;2;
Erwin-Bock-Str. (Berlin);2;1.0
Eschachstr./S Tegel (Berlin);1;1.0
Eschenweg (Berlin);1;1.0
Eschersheimer Str. (Berlin);2;2.0
Europa-Center (Berlin);2;2.0
Ewaldstr. (Berlin);2;2.0
Exerzierstr. (Berlin);1;1.0
Fachinger Str. (Berlin);1;1.0
Fafnerstr. (Berlin);2;2.0
Fahlenbergstr. (Berlin);2;2.0
Falckensteinstr. (Berlin);2;2.0
Falkenberg (Berlin);3;6.0
Falkenberg/Dorfstr. (Berlin);2;2.0
Falkenberger Str./Berliner Allee (Berlin);2;2.0
Falkenhagener Tor (Berlin);2;2.0
Falkensee, Alter Fischerweg;2;
Falkensee, Am Gutspark;2;
Falkensee, Bahnhof;1;
Falkensee, Falkenhagener Anger;2;
Falkensee, Hamburger Str.;2;2.0
Falkensee, Humboldtallee;2;2.0
Falkensee, Kölner Str.;2;
Falkensee, Siedlereck;2;2.0
Falkenseer Platz (Berlin);2;2.0
Fechnerstr. (Berlin);2;2.0
Feldstr. (Berlin);1;1.0
Felixstr. (Berlin);2;2.0
Fennbrücke (Berlin);2;2.0
Ferbitzer Weg (Berlin);1;1.0
Fercher Str. (Berlin);2;2.0
Feuersteiner Str. (Berlin);2;2.0
Fichtestr. (Berlin);2;2.0
Filandastr. (Berlin);2;3.0
Filehner Str. (Berlin);2;2.0
Finchleystr. (Berlin);1;1.0
Finkenkruger Weg (Berlin);2;2.0
Finnenhaus-Siedlung (Berlin);2;2.0
Finsterwalder Str./Dannenwalder Weg (Berlin);3;3.0
Firlstr. (Berlin);2;2.0
Fischerinsel (Berlin);4;4.0
Flankenschanze (Berlin);2;2.0
Flatowallee/Olympiastadion (Berlin);2;2.0
Fleischerstr. (Berlin);2;2.0
Flohrstr. (Berlin);2;2.0
Flottenstr. (Berlin);1;
Flughafen BER - Terminal 1-2;2;
Flughafen BER - Terminal 5;8;
Flurweg/Seidelbastweg (Berlin);2;2.0
Flämingstr. (Berlin);2;2.0
Fontanestr./Flughafenstr. (Berlin);3;3.0
Fontanestr./Schillerstr. (Berlin);2;2.0
Forckenbeckstr. (Berlin);2;2.0
Forddamm (Berlin);2;2.0
Forkenzeile (Berlin);2;2.0
Forstamt Tegel (Berlin);2;2.0
Forsthausallee (Berlin);2;2.0
Forststr. (Berlin);2;2.0
Foxweg (Berlin);2;2.0
Frankenbergstr. (Berlin);2;2.0
Frankenwaldstr. (Berlin);2;2.0
Franklinstr. (Berlin);2;2.0
Franz-Jacob-Str. (Berlin);2;2.0
Franz-Klühs-Str. (Berlin);2;2.0
Franz-Körner-Str. (Berlin);2;2.0
Franz-Mehring-Platz (Berlin);2;2.0
Franzburger Str. (Berlin);2;2.0
Französisch Buchholz Kirche (Berlin);1;1.0
Französische Str. (Berlin);2;2.0
Frauenlobstr. (Berlin);2;2.0
Frauenschuhweg (Berlin);2;2.0
Freiaplatz (Berlin);3;3.0
Freie Scholle (Berlin);2;2.0
Freiheit 16-43 (Berlin);2;2.0
Freizeit- und Erholungszentrum (Berlin);2;2.0
Freybrücke (Berlin);2;2.0
Freystadter Weg (Berlin);2;2.0
Friedenauer Brücke (Berlin);2;2.0
Friedenfelser Str. (Berlin);2;2.0
Friedenstr. (Berlin);2;2.0
Friedenstr./Großbeerenstr. (Berlin);3;3.0
Friederike-Nadig-Str. (Berlin);2;2.0
Friedhof Heiligensee (Berlin);2;2.0
Friedhof Hermsdorf (Berlin);2;2.0
Friedhof In den Kisseln (Berlin);3;4.0
Friedhof Mariendorf (Berlin);2;2.0
Friedhof Marienfelde (Berlin);2;2.0
Friedhof Reinickendorf (Berlin);2;2.0
Friedhof Röblingstr. (Berlin);2;2.0
Friedhöfe Columbiadamm (Berlin);2;2.0
Friedhöfe Fürstenbrunner Weg (Berlin);2;2.0
Friedlander Str. (Berlin);2;2.0
Friedrich-Hollaender-Platz (Berlin);3;3.0
Friedrich-Junge-Str. (Berlin);3;3.0
Friedrich-Krause-Ufer (Berlin);2;2.0
Friedrich-Olbricht-Damm/Heckerdamm (Berlin);2;2.0
Friedrich-Olbricht-Damm/Saatwinkler Damm (Berlin);3;3.0
Friedrich-Wilhelm-Str. (Berlin);2;2.0
Friedrich-Wolf-Str. (Berlin);2;2.0
Friedrichrodaer Str. (Berlin);2;2.0
Friedrichsberger Str. (Berlin);2;2.0
Friedrichshagener Str./Kabelwerk (Berlin);2;2.0
Friedrichstr./Reinhardtstr. (Berlin);2;2.0
Fritz-Erler-Allee/Neuköllner Str. (Berlin);2;2.0
Fritz-Reuter-Str. (Berlin);2;2.0
Frundsbergstr. (Berlin);2;2.0
Fuchsienweg (Berlin);2;2.0
Fulhamer Allee (Berlin);4;4.0
Fährallee (Berlin);2;2.0
Földerichplatz (Berlin);2;2.0
Försterweg (Berlin);2;2.0
Fürstenbrunner Weg (Berlin);2;2.0
Fürstenstr. (Berlin);2;2.0
Fürstenwalder Allee/Schule (Berlin);2;2.0
Gaillardstr. (Berlin);1;1.0
Galenstr./Hohenzollernring (Berlin);2;2.0
Galenusstr. (Berlin);2;2.0
Galluner Str. (Berlin);1;1.0
Gandenitzer Weg (Berlin);2;1.0
Gartenfeld (Berlin);2;2.0
Gartenplatz (Berlin);2;2.0
Gartenstadt Staaken (Berlin);2;2.0
Gartenstadtweg (Berlin);2;2.0
Gartenstr./Feldstr. (Berlin);2;2.0
Garzauer Str. (Berlin);2;2.0
Gatow Kirche (Berlin);2;2.0
Gatower Heide (Berlin);2;
Gatower Str./Weinmeisterhornweg (Berlin);2;2.0
Gedenkstätte Dt. Widerstand (Berlin);2;2.0
Gedenkstätte Plötzensee (Berlin);2;2.0
Gehrenseestr. (Berlin);4;4.0
Gehringstr. (Berlin);2;2.0
Gembitzer Str. (Berlin);2;2.0
General-Ganeval-Brücke (Berlin);2;
General-Steinhoff-Kaserne (Berlin);2;2.0
General-Woyna-Str. (Berlin);2;2.0
Genfenbergstr. (Berlin);2;2.0
Genfer Str. (Berlin);2;2.0
Gensinger Str. Nord (Berlin);2;2.0
Gensinger Str. Ost (Berlin);2;2.0
Georgenstr. (Berlin);2;2.0
Geraer Str. (Berlin);2;2.0
Gerdastr. (Berlin);2;2.0
Gerichtstr. (Berlin);2;2.0
Gerichtstr./Hochstr. (Berlin);2;2.0
Gerlindeweg (Berlin);2;2.0
Gerlinger Str. (Berlin);5;6.0
Germanenstr./Normannenstr. (Berlin);2;2.0
Germaniapromenade (Berlin);2;2.0
Gernotstr. (Berlin);2;2.0
Gersdorfstr./Kaiserstr. (Berlin);4;4.0
Gersdorfstr./Kurfürstenstr. (Berlin);2;2.0
Gesundheitszentrum (Berlin);3;3.0
Gewerbegebiet Pankow-Nord (Berlin);2;2.0
Geygerstr. (Berlin);2;2.0
Gielsdorfer Str. (Berlin);2;2.0
Giersstr. (Berlin);1;1.0
Giersstr./Falkenberger Str. (Berlin);1;1.0
Giesensdorfer Str. (Berlin);2;2.0
Ginkgoweg (Berlin);2;
Glambecker Ring (Berlin);2;2.0
Glasbläserallee (Berlin);2;2.0
Glasgower Str. (Berlin);2;2.0
Gleimstr. (Berlin);2;2.0
Gleiwitzer Str. (Berlin);4;4.0
Glienicker Lake (Berlin);2;2.0
Glienicker Str. (Berlin);4;4.0
Glienicker Weg/Nipkowstr. (Berlin);2;2.0
Gliensteig (Berlin);2;2.0
Glockenblumenweg (Berlin);2;2.0
Gloedenpfad (Berlin);2;2.0
Glogauer Str. (Berlin);2;2.0
Glärnischweg (Berlin);2;2.0
Glühwürmchenweg (Berlin);2;2.0
Gneisenaustr./Baerwaldstr. (Berlin);3;3.0
Goebelplatz (Berlin);3;3.0
Goebenstr. (Berlin);4;4.0
Goerdelerdamm (Berlin);2;2.0
Goerdelersteg (Berlin);3;3.0
Goerzallee/Drakestr. (Berlin);4;4.0
Goethestr./Potsdamer Str. (Berlin);2;2.0
Goldenes Horn Mitte (Berlin);1;1.0
Goldenes Horn Süd (Berlin);2;2.0
Goldkäferweg (Berlin);3;3.0
Goldlackweg (Berlin);2;2.0
Goltzstr./Lichtenrader Damm (Berlin);3;3.0
Goltzstr./Rauchstr. (Berlin);2;2.0
Golßener Str. (Berlin);2;2.0
Gontermannstr. (Berlin);3;3.0
Gorkistr./Am Nordgraben (Berlin);2;2.0
Gorkistr./Ziekowstr. (Berlin);1;1.0
Gosen, Eiche;1;1.0
Gosen, Müggelpark;2;2.0
Goslarer Platz (Berlin);2;2.0
Gothaer Str./Alte Hellersdorfer Str. (Berlin);2;2.0
Gothaer Str./Eisenacher Str. (Berlin);2;2.0
Gotlindestr. (Berlin);2;2.0
Gottfriedstr. (Berlin);2;2.0
Gotthardstr./Holländerstr. (Berlin);2;2.0
Gotthardstr./Teichstr. (Berlin);2;2.0
Gounodstr. (Berlin);2;2.0
Grabbeallee/Pastor-Niemöller-Platz (Berlin);3;3.0
Grabensprung (Berlin);2;2.0
Grabenstr. (Berlin);2;2.0
Gradestr. 71 (Berlin);2;2.0
Gradestr. 91 (Berlin);2;2.0
Gradestr./Tempelhofer Weg (Berlin);3;4.0
Graefestr. (Berlin);2;2.0
Granatenstr. (Berlin);2;2.0
Granitzstr./Neumannstr. (Berlin);2;2.0
Grauwackeweg (Berlin);2;2.0
Grazer Platz (Berlin);2;2.0
Grazer Platz/Beckerstr. (Berlin);4;4.0
Gredinger Str. (Berlin);2;2.0
Gregoroviusweg (Berlin);1;1.0
Greinerstr. (Berlin);2;2.0
Grenzallee/Bergiusstr. (Berlin);1;1.0
Grenzgrabenstr. (Berlin);1;1.0
Grevesmühlener Str. (Berlin);2;2.0
Griesingerstr. (Berlin);2;2.0
Grimaustr. (Berlin);2;2.0
Grimmelshausenstr. (Berlin);1;1.0
Grimmstr. (Berlin);3;3.0
Grindelwaldweg (Berlin);2;2.0
Gritznerstr. (Berlin);2;2.0
Grottewitzstr. (Berlin);3;3.0
Grottkauer Str. (Berlin);1;1.0
Großbeerenstr./Daimlerstr. (Berlin);4;4.0
Große Steinlanke (Berlin);2;2.0
Große-Leege-Str./Bahnhofstr. (Berlin);2;2.0
Große-Leege-Str./Freienwalder Str. (Berlin);2;2.0
Großer Stern (Berlin);4;4.0
Großes Fenster (Berlin);2;2.0
Großziethen, Alt Großziethen;1;
Großziethen, Am Lindengarten;2;
Großziethen, An den Eichen;2;
Großziethen, Attilastr.;2;
Großziethen, Erlenweg;2;
Großziethen, Friedrich-Ebert-Str.;2;2.0
Großziethen, Kirche;2;
Großziethen, Kita;2;
Großziethen, Kreisverkehr;2;1.0
Großziethen, Rosa-Luxemburg-Weg;2;2.0
Großziethen, Rudolf-Breitscheid-Str.;1;
Großziethen, Thälmannstr.;2;1.0
Großziethen, Uhlandstr.;2;1.0
Grumbkowstr. (Berlin);1;1.0
Grumbkowstr./Pankower Str. (Berlin);1;1.0
Grunewaldstr. (Berlin);4;4.0
Grunewaldstr./Lepsiusstr. (Berlin);2;2.0
Grunewaldturm (Berlin);2;2.0
Grünberger Str./Warschauer Str. (Berlin);1;1.0
Grüne Aue (Berlin);2;2.0
Grüner Weg/Gutschmidtstr. (Berlin);2;2.0
Grünheider Weg (Berlin);2;2.0
Grünhofer Weg (Berlin);2;2.0
Grünsteinweg (Berlin);2;2.0
Grützmacherpark (Berlin);2;2.0
Guerickestr. (Berlin);2;2.0
Gurkensteig (Berlin);2;2.0
Gustav-Adolf-Str./Langhansstr. (Berlin);2;2.0
Gustav-Holzmann-Str. (Berlin);2;2.0
Gustav-Müller-Platz (Berlin);2;2.0
Gutenbergstr. (Berlin);2;2.0
Gutschmidtstr. (Berlin);1;2.0
Gutspark Marienfelde (Berlin);3;3.0
Gutzmannstr. (Berlin);2;2.0
Guyotstr. (Berlin);2;2.0
Gärtnerstr. (Berlin);2;2.0
Görresstr. (Berlin);2;2.0
Görschstr. (Berlin);2;2.0
Göschenplatz/S Wittenau (Berlin);5;5.0
Götelstr. (Berlin);2;2.0
Gößweinsteiner Gang (Berlin);2;2.0
Gülzower Str. (Berlin);2;2.0
Günter-Litfin-Str. (Berlin);3;3.0
Güntzelstr./Uhlandstr. (Berlin);2;2.0
Güterbahnhof Ruhleben (Berlin);2;2.0
Haarlemer Str. (Berlin);2;2.0
Habermannzeile (Berlin);4;4.0
Habersaathstr. (Berlin);2;2.0
Haberstr. (Berlin);2;2.0
Habichtswald (Berlin);1;
Hackbuschstr./Straße 603 (Berlin);2;2.0
Hadlichstr. (Berlin);3;4.0
Hadubrandstr. (Berlin);2;2.0
Hafenstr. (Berlin);2;2.0
Hagenower Ring (Berlin);2;2.0
Hagenplatz (Berlin);4;4.0
Hagenstr. (Berlin);2;2.0
Hahn-Meitner-Platz (Berlin);2;3.0
Hainbuchenstr. (Berlin);3;3.0
Halbauer Weg (Berlin);3;3.0
Halker Zeile (Berlin);3;3.0
Hamburger Platz (Berlin);4;4.0
Hanauer Str. (Berlin);2;2.0
Hanielweg (Berlin);2;2.0
Hannoversche Str. (Berlin);2;2.0
Hans-Jürgen-Str. (Berlin);2;2.0
Hans-Schumacher-Str.  (Berlin);2;2.0
Hansastr. (Berlin);2;2.0
Hansastr./Buschallee (Berlin);2;2.0
Hansastr./Malchower Weg (Berlin);2;2.0
Harburger Weg (Berlin);2;2.0
Harriesstr. (Berlin);2;2.0
Hartmannsweilerweg (Berlin);2;2.0
Harzer Str./Wildenbruchstr. (Berlin);4;4.0
Haselhorster Damm/Gartenfelder Str. (Berlin);2;2.0
Hasenhegerweg (Berlin);2;2.0
Hasenheide (Berlin);2;2.0
Hasensprung (Berlin);2;2.0
Hasselwerderstr. (Berlin);2;2.0
Hatzfeldtallee (Berlin);2;2.0
Haubachstr. (Berlin);2;2.0
Hauptstr./Berliner Str. (Berlin);2;2.0
Hauptstr./Martin-Luther-Str. (Berlin);2;2.0
Hauptstr./Schillerstr. (Berlin);1;1.0
Haus Bremen (Berlin);2;2.0
Haus der Kulturen der Welt (Berlin);2;2.0
Haus der Wannsee-Konferenz (Berlin);1;1.0
Haus des Rundfunks (Berlin);2;2.0
Haushoferstr. (Berlin);2;2.0
Havelberger Str. (Berlin);2;2.0
Havelchaussee (Berlin);2;2.0
Haveleck (Berlin);2;2.0
Havelschanze (Berlin);2;2.0
Havelweg (Berlin);2;2.0
Havemannstr./Kemberger Str. (Berlin);1;1.0
Havensteinstr. (Berlin);2;2.0
Haydnstr. (Berlin);2;2.0
Haynauer Str. (Berlin);2;2.0
Hechelstr. (Berlin);2;2.0
Heckmannufer (Berlin);2;2.0
Hederichweg (Berlin);2;
Heerstr. 438-446 (Berlin);2;2.0
Heerstr./Chemnitzer Str. (Berlin);2;2.0
Heesestr. (Berlin);1;1.0
Heidebergplan (Berlin);2;2.0
Heidelberger Str. (Berlin);2;2.0
Heiligenseestr./Hennigsdorfer Str. (Berlin);3;3.0
Heiligenseestr./Ruppiner Chaussee (Berlin);4;3.0
Heinersdorf Kirche (Berlin);4;4.0
Heinersdorfer Str. (Berlin);2;2.0
Heinersdorfer Str./Am Steinberg (Berlin);2;2.0
Heinersdorfer Str./Hildburghauser Str. (Berlin);4;4.0
Heinrich-Böll-Str. (Berlin);2;2.0
Heinrich-Grüber-Str. (Berlin);3;3.0
Heinrich-Heine-Platz (Berlin);2;2.0
Heinrich-Heine-Str./Annenstr. (Berlin);2;2.0
Heinrich-Mann-Oberschule (Berlin);2;2.0
Heinrich-Mann-Platz (Berlin);2;2.0
Heinrich-Mann-Str. (Berlin);2;2.0
Heinsestr. (Berlin);4;4.0
Heizkraftwerk Klingenberg (Berlin);2;2.0
Helene-Weigel-Platz (Berlin);2;2.0
Heliosstr. (Berlin);2;2.0
Helleberge (Berlin);2;2.0
Hellersdorfer Str./Gärten der Welt (Berlin);2;2.0
Hellersdorfer Str./Gülzower Str. (Berlin);3;3.0
Helmholtzstr. (Berlin);2;2.0
Helsingforser Platz (Berlin);3;4.0
Hennigsdorf, Clara-Schabbel-Str.;2;
Hennigsdorf, Edisonstr.;1;
Hennigsdorf, Humboldtstr.;2;
Hennigsdorf, Kleiststr.;2;
Hennigsdorf, Poststr.;1;
Hennigsdorf, Stadtklubhaus;2;
Hennigsdorf, Stauffenbergstr.;1;
Hennigsdorf, Voltastr.;2;
Herbert-Bayer-Straße. (Berlin);2;2.0
Herbertstr. (Berlin);2;2.0
Herbststr. (Berlin);1;1.0
Herkomerstr. (Berlin);1;1.0
Hermann-Hesse-Str./Waldstr. (Berlin);3;3.0
Hermannstr./Mariendorfer Weg (Berlin);2;2.0
Hermsdorfer Damm/A111 (Berlin);2;2.0
Hermsdorfer Damm/Berliner Str. (Berlin);3;4.0
Hermsdorfer Damm/Martin-Luther-Str. (Berlin);2;2.0
Hermsdorfer Str./Alt-Wittenau (Berlin);2;2.0
Herrfurthstr. (Berlin);2;2.0
Herthaplatz (Berlin);1;1.0
Herthastr. (Berlin);2;2.0
Hertzallee (Berlin);2;3.0
Hertzbergplatz (Berlin);2;2.0
Hertzstr./Fontanestr. (Berlin);2;2.0
Hertzstr./Hauptstr. (Berlin);2;2.0
Herwarthstr. (Berlin);1;1.0
Herzblattweg (Berlin);1;1.0
Hessenallee (Berlin);2;2.0
Heylstr. (Berlin);2;2.0
Hilbertstr. (Berlin);1;1.0
Hiltrud-Dudek-Weg (Berlin);1;1.0
Hinckeldeybrücke (Berlin);2;2.0
Hindemithplatz (Berlin);1;1.0
Hindenburgdamm/Klingsorstr. (Berlin);2;2.0
Hinter der Mühle (Berlin);2;2.0
Hiroshimasteg (Berlin);2;2.0
Hirtschulzstr. (Berlin);2;2.0
Hittorfstr. (Berlin);2;2.0
Hochbaumstr. (Berlin);2;2.0
Hochbergweg (Berlin);2;2.0
Hochhausweg (Berlin);2;2.0
Hochmeisterplatz (Berlin);5;5.0
Hoeppnerstr. (Berlin);2;2.0
Hoernlestr. (Berlin);2;2.0
Hofackerzeile (Berlin);2;2.0
Hoffmann-von-Fallersleben-Platz (Berlin);2;2.0
Hofzeichendamm (Berlin);3;3.0
Hohefeldstr. (Berlin);2;2.0
Hohenfriedbergstr. (Berlin);2;2.0
Hohenschönhauser Str. [1-2] (Berlin) ;2;2.0
Hohenstaufenstr. (Berlin);4;4.0
Hohenzollernring/Falkenseer Chaussee (Berlin);2;2.0
Hohenzollernstr. (Berlin);2;2.0
Holbeinstr. (Berlin);2;2.0
Holländerstr./Aroser Allee (Berlin);4;4.0
Holländische Mühle (Berlin);2;2.0
Holteistr. (Berlin);2;2.0
Holzhauser Str./Schubartstr. (Berlin);6;6.0
Holzhauser Str./Triftstr. (Berlin);2;2.0
Holzhauser Str./Wittestr. (Berlin);2;2.0
Holzmarktstr. (Berlin);2;2.0
Homburgstr. (Berlin);2;2.0
Homeyerstr. (Berlin);2;2.0
Hopfenweg (Berlin);2;2.0
Hoppendorfer Str. (Berlin);2;2.0
Hornstr.(Berlin);4;4.0
Hortwinkeler Weg (Berlin);2;2.0
Hottengrund (Berlin);2;4.0
Hranitzkystr. (Berlin);2;2.0
Hubertusbader Str. (Berlin);2;2.0
Hubertusbrücke (Berlin);2;2.0
Hubertusstr. (Berlin);2;2.0
Hubertusweg (Berlin);2;2.0
Hugo-Cassirer-Str. (Berlin);2;2.0
Hultschiner Damm/Seestr. (Berlin);2;2.0
Humboldt-Klinikum (Berlin);3;3.0
Humboldtsteg (Berlin);2;2.0
Hundsteinweg (Berlin);2;2.0
Hussitenstr. (Berlin);2;2.0
Hähnelstr. (Berlin);2;2.0
Händelplatz (Berlin);2;2.0
Hänflingsteig (Berlin);2;2.0
Hänselstr. (Berlin);2;2.0
Hönow, An der Heide;1;1.0
Hönow, Hoppegartener Str.;1;1.0
Hönow, Libellenstr.;1;1.0
Hönow, Mahlsdorfer Str./Thälmannstr.;2;2.0
Hönower Str./Riesaer Str. (Berlin);3;3.0
Hügelschanze (Berlin);2;2.0
Hünefeldzeile (Berlin);1;1.0
Hüttenweg (Berlin);2;2.0
Idastr. (Berlin);2;2.0
Illigstr./Grenzweg (Berlin);1;1.0
Illigstr./Maffeistr. (Berlin);1;1.0
Ilsenburger Str. (Berlin);2;2.0
Ilsestr. (Berlin);2;2.0
Im Amseltal (Berlin);2;2.0
Im Bauernbusch (Berlin);2;2.0
Im Brachfeldwinkel (Berlin);2;2.0
Im Dol (Berlin);2;2.0
Im Domstift/Groß-Ziethener Str. (Berlin);3;3.0
Im Fischgrund (Berlin);2;2.0
Im Gestell (Berlin);2;2.0
Im Rosengrund (Berlin);2;2.0
Im Spektefeld/Schulzentrum (Berlin);3;5.0
Im Waldwinkel (Berlin);2;2.0
Imbrosweg Ost (Berlin);1;1.0
In den Kaveln (Berlin);2;2.0
Indira-Gandhi-Str./Hansastr. (Berlin);2;2.0
Industriestr. (Berlin);2;2.0
Ingeborgstr. (Berlin);2;2.0
Innovationspark Wuhlheide (Berlin);1;
Innungsstr. (Berlin);2;2.0
Insulaner (Berlin);6;6.0
Interessentenweg (Berlin);1;
Invalidensiedlung (Berlin);3;4.0
Iranische Str. (Berlin);2;2.0
Irenenstr. (Berlin);1;1.0
Irmastr. (Berlin);2;2.0
Iselbergstr. (Berlin);1;1.0
Isenburger Weg (Berlin);1;1.0
Isoldestr. (Berlin);2;2.0
Jacques-Offenbach-Platz (Berlin);1;1.0
Jaczostr. (Berlin);2;2.0
Jafféstr. (Berlin);2;2.0
Jahnstr. (Berlin);2;2.0
James-Franck-Str. (Berlin);2;2.0
Jan-Petersen-Str. (Berlin);2;2.0
Jansenstr. (Berlin);2;2.0
Janusz-Korczak-Str. (Berlin);2;2.0
Jenneweg (Berlin);2;2.0
Jerusalemer Str. (Berlin);2;2.0
Joachim-Friedrich-Str./Westfälische Str. (Berlin);4;4.0
Joachimstr. (Berlin);1;1.0
Johannes-Sasse-Ring (Berlin);2;2.0
Johannes-Tobei-Str. (Berlin);2;1.0
Johannesstift (Berlin);2;2.0
Johannisthal Kirche (Berlin);2;2.0
Johannisthaler Ch./Rudower Str. (Berlin);4;4.0
Johannisthaler Chaussee/Fritz-Erler-Allee (Berlin);4;4.0
Johannisthaler Chaussee/Mahonienweg (Berlin);2;2.0
John-Locke-Str. (Berlin);2;2.0
Josef-Nawrocki-Str. (Berlin);2;2.0
Josef-Orlopp-Str./Gewerbegebiet(Berlin);2;2.0
Josef-Orlopp-Str./Vulkanstr. (Berlin);2;2.0
Joseph-Joachim-Platz (Berlin);2;2.0
Julius-Leber-Kaserne (Berlin);2;2.0
Jägerstieg (Berlin);2;2.0
Jägerstr. (Berlin);2;2.0
Jänickendorfer Weg (Berlin);1;1.0
Jänickestr. (Berlin);2;2.0
Jörsstr. (Berlin);2;2.0
Jüdenstr. (Berlin);2;2.0
Jüdisches Museum (Berlin);2;2.0
Jüterboger Str. (Berlin);2;2.0
Kaiser-Wilhelm-Str./Seydlitzstr. (Berlin);2;2.0
Kaiserkorso (Berlin);1;1.0
Kalvinistenweg (Berlin);2;2.0
Kambergstr. (Berlin);2;2.0
Kamener Weg (Berlin);2;2.0
Kamenzer Damm/Wedellstr. (Berlin);2;2.0
Kameradenweg (Berlin);2;2.0
Kanalstr. 38-41 (Berlin);2;2.0
Kapaunenstr. (Berlin);1;1.0
Kapweg (Berlin);2;2.0
Karl-Elsasser-Str. (Berlin);1;1.0
Karl-Marx-Platz (Berlin);2;2.0
Karlshafener Str. (Berlin);2;2.0
Karlshorster Str. (Berlin);2;2.0
Karolinenhöhe (Berlin);2;2.0
Karower Chaussee (Berlin);2;2.0
Karower Damm/Georgenstr. (Berlin);2;2.0
Karower Str. (Berlin);1;1.0
Karwendelstr. (Berlin);4;4.0
Kaserne Hottengrund (Berlin);2;3.0
Kaserne Nordtor (Berlin);2;2.0
Kastanienallee (Berlin);2;2.0
Katzbachstr. (Berlin);2;2.0
Katzwanger Steig (Berlin);1;1.0
Keltensteig (Berlin);2;2.0
Keplerstr. (Berlin);1;1.0
Kerkowstr. (Berlin);2;2.0
Kesselsdorfstr. (Berlin);2;2.0
Kethelitzweg (Berlin);1;1.0
Kettelerpfad (Berlin);2;2.0
Kettinger Str. (Berlin);2;2.0
Kiautschoustr. (Berlin);2;2.0
Kiebitzgrund (Berlin);2;2.0
Kiefernweg (Berlin);2;2.0
Kiefheider Weg (Berlin);2;2.0
Kiefholzstr./Baumschulenstr. (Berlin);4;4.0
Kielingerstr. (Berlin);1;1.0
Kienappelweg (Berlin);2;2.0
Kienhorststr. (Berlin);2;2.0
Kirchhainer Damm/Horstwalder Str. (Berlin);3;3.0
Kirchhainer Damm/Stadtgrenze (Berlin);1;2.0
Kirchhof Rudow (Berlin);1;1.0
Kirchhofstr. (Berlin);2;2.0
Kirchstr./Alt-Moabit (Berlin);2;2.0
Kirschenallee (Berlin);2;2.0
Kirschweg (Berlin);2;2.0
Kissingenplatz (Berlin);1;1.0
Klamannstr. (Berlin);2;2.0
Klausdorfer Str. (Berlin);2;2.0
Klausenburger Pfad (Berlin);2;1.0
Klausenerplatz (Berlin);2;2.0
Klaustaler Str. (Berlin);2;2.0
Kleinaustr. (Berlin);2;2.0
Kleine Eiswerderstr. (Berlin);2;2.0
Kleiner Tiergarten (Berlin);2;2.0
Kleingartenanlage Lindenhof (Berlin);2;2.0
Kleinmachnow, Am Hochwald;2;
Kleinmachnow, An der Stammbahn;2;2.0
Kleinmachnow, Ginsterheide;2;4.0
Kleinmachnow, Haeckelstr.;2;2.0
Kleinmachnow, Im Kamp;2;
Kleinmachnow, Jägerstieg;2;2.0
Kleinmachnow, Klausenerstr.;2;2.0
Kleinmachnow, Meiereifeld;2;2.0
Kleinmachnow, OdF-Platz/Karl-Marx-Str.;2;2.0
Kleinmachnow, Rathausmarkt;2;
Kleinmachnow, Schleusenweg;2;
Kleinmachnow, Seeberg;2;
Kleinmachnow, Uhlenhorst;2;2.0
Kleinschewskystr. (Berlin);2;2.0
Klemkestr. (Berlin);2;2.0
Klettwitzer Str. (Berlin);2;2.0
Klingerstr. (Berlin);1;1.0
Klingsorplatz/Charité (Berlin);2;2.0
Klinikum Am Urban (Berlin);2;2.0
Klinikum Buch/Südeingang (Berlin);2;3.0
Klinikum Kaulsdorf (Berlin);3;3.0
Klinikum Neukölln (Berlin);4;4.0
Klinikum Spandau (Berlin);2;2.0
Klinkeplatz (Berlin);2;2.0
Kloster-Zinna-Str. (Berlin);2;2.0
Klosterbuschweg (Berlin);2;2.0
Klärwerkstr. (Berlin);2;2.0
Knausplatz (Berlin);3;3.0
Knesebeckstr. (Berlin);2;2.0
Kniprodestr./Danziger Str. (Berlin);2;2.0
Kniprodestr./Storkower Str. (Berlin);4;4.0
Knobelsdorffstr. (Berlin);2;2.0
Knollstr. (Berlin);1;1.0
Koblanckstr. (Berlin);1;1.0
Kohlisstr. (Berlin);2;2.0
Kohlweißlingstr. (Berlin);2;1.0
Kolibriweg (Berlin);2;2.0
Kollostr. (Berlin);2;2.0
Kolonie Haselbusch (Berlin);2;2.0
Kolonie Hasenheide (Berlin);2;2.0
Kolonie Zukunft (Berlin);2;2.0
Kolonnenbrücke (Berlin);2;2.0
Kolpingplatz (Berlin);3;3.0
Komturstr. (Berlin);2;2.0
Konrad-Wolf-Str./Gärtnerstr. (Berlin);2;2.0
Konradshöher Str./Heiligenseestr. (Berlin);2;2.0
Konzer Platz (Berlin);2;2.0
Kopenhagener Str./Flottenstr. (Berlin);2;2.0
Kopernikusstr./Warschauer Str. (Berlin);1;1.0
Korkedamm (Berlin);1;1.0
Kosanke-Siedlung (Berlin);2;2.0
Kosleckweg (Berlin);2;2.0
Kottbusser Brücke (Berlin);2;2.0
Kottesteig (Berlin);2;2.0
Krachtstr. (Berlin);2;2.0
Kraetkestr. (Berlin);2;2.0
Krahmerstr./Stockweg (Berlin);2;2.0
Krampnitzer Weg/Selbitzer Str. (Berlin);2;2.0
Krankenhaus Havelhöhe (Berlin);2;2.0
Krankenhaus Hedwigshöhe (Berlin);1;2.0
Krankenhaus Hubertus (Berlin);2;2.0
Krankenhaus Köpenick/Südseite (Berlin);3;3.0
Kranoldplatz (Berlin);2;2.0
Kranoldstr. (Berlin);1;2.0
Krantorweg (Berlin);2;2.0
Krematorium Baumschulenweg (Berlin);2;2.0
Krematorium Ruhleben (Berlin);2;2.0
Kressenweg (Berlin);2;2.0
Kreuzberg/Wasserfall (Berlin);2;2.0
Kriemhildstr. (Berlin);1;1.0
Krokusstr. (Berlin);2;2.0
Kronberger Str. (Berlin);1;1.0
Kronprinzessinnenweg/Havelchaussee (Berlin);2;2.0
Krugstege (Berlin);2;2.0
Krumme Gärten (Berlin);2;2.0
Kruppstr. (Berlin);2;2.0
Kräuterweg (Berlin);2;2.0
Kröver Str. (Berlin);2;2.0
Kuckhoffstr. (Berlin);2;2.0
Kufsteiner Str. (Berlin);2;2.0
Kulturforum (Berlin);1;1.0
Kuno-Fischer-Str. (Berlin);2;2.0
Kurstr. (Berlin);2;2.0
Kurze Str./Mittelstr. (Berlin);2;2.0
Kurzebracker Weg (Berlin);2;2.0
Kätchenweg (Berlin);2;2.0
Köbisstr. (Berlin);1;1.0
Köllnischer Platz (Berlin);4;4.0
Kölner Damm (Berlin);2;2.0
Königin-Elisabeth-Str/Spandauer Damm (Berlin);4;4.0
Königin-Luise-Platz/Botanischer Garten (Berlin);4;4.0
Königin-Luise-Str./Clayallee (Berlin);3;3.0
Königshorster Str. (Berlin);2;2.0
Königsseestr. (Berlin);2;2.0
Königswalder Str. (Berlin);2;2.0
Königsweg (Berlin);2;2.0
Köpenicker Allee (Berlin);2;2.0
Köpenicker Chaussee/Blockdammweg (Berlin);2;2.0
Köpenicker Landstr./Dammweg (Berlin);2;2.0
Köpenicker Landstr./Schnellerstr. (Berlin);1;1.0
Köpenicker Landstr./Sportplatz (Berlin);2;2.0
Köpenicker Str./Adalbertstr. (Berlin);2;2.0
Köpenicker Str./Innovationspark (Berlin);2;2.0
Köpenicker Str./Schule (Berlin);2;2.0
Körtestr. (Berlin);2;2.0
Körtingstr. (Berlin);2;2.0
Köthener Str. (Berlin);3;3.0
Köttgenstr. (Berlin);2;2.0
Kötztinger Str. (Berlin);2;2.0
Kühler Weg (Berlin);1;1.0
Künnekeweg (Berlin);1;1.0
Laehrstr. (Berlin);2;2.0
Lagunenweg (Berlin);2;2.0
Lahnstr./U Neukölln (Berlin);4;4.0
Lakenfelderweg (Berlin);1;1.0
Lammersdorfer Weg (Berlin);2;2.0
Lampesteig (Berlin);2;2.0
Landesarchiv (Berlin);2;2.0
Landhaussiedlung (Berlin);2;2.0
Landhausstr. (Berlin);2;2.0
Landjägerstr. (Berlin);1;1.0
Landreiterweg (Berlin);2;2.0
Landréstr. (Berlin);1;1.0
Landsberger Allee/Blumberger Damm (Berlin);4;4.0
Landsberger Allee/Weißenseer Weg (Berlin);2;2.0
Landsberger Chaussee/Zossener Str. (Berlin);2;2.0
Landsberger Str. (Berlin);2;2.0
Landsberger Str./Gewerbegebiet (Berlin);2;2.0
Landschaftsfriedhof Gatow (Berlin);2;2.0
Landstadt Gatow (Berlin);1;1.0
Landweg (Berlin);2;2.0
Lange Str. (Berlin);2;2.0
Langhoffstr. (Berlin);2;2.0
Langkofelweg (Berlin);2;2.0
Lankwitz Kirche (Berlin);6;6.0
Lanzendorfer Weg (Berlin);1;1.0
Laubenheimer Str. (Berlin);2;2.0
Lauenburger Platz (Berlin);2;2.0
Lausitzer Platz (Berlin);2;2.0
Lea-Grundig-Str. (Berlin);2;2.0
Ledebourstr. (Berlin);2;2.0
Leghornweg (Berlin);1;1.0
Lehniner Platz/Schaubühne (Berlin);2;2.0
Lehrter Str./Invalidenstr. (Berlin);4;4.0
Leichhardtstr. (Berlin);2;2.0
Leipziger Str./Wilhelmstr. (Berlin);2;2.0
Lemkestr./Greifswalder Str. (Berlin);3;3.0
Lemkestr./Kieler Str. (Berlin);2;2.0
Lemkestr./Lenbachstr. (Berlin);2;2.0
Lemkestr./Lübecker Str. (Berlin);2;2.0
Lengeder Str. (Berlin);1;1.0
Leo-Baeck-Str. (Berlin);2;2.0
Leonardo-da-Vinci-Str. (Berlin);1;1.0
Leonorenstr./Siemensstr. (Berlin);4;4.0
Lepsiusstr. (Berlin);2;2.0
Lerchenweg (Berlin);2;2.0
Lesser-Ury-Weg (Berlin);2;2.0
Lessingstr./Fontanestr. (Berlin);2;2.0
Lessingstr./Uhlandstr. (Berlin);2;2.0
Leubnitzer Weg (Berlin);2;2.0
Leuenberger Str. (Berlin);2;2.0
Leuthener Str. (Berlin);2;2.0
Leuthingerweg (Berlin);2;2.0
Licht- und Luftbad Müggelsee (Berlin);2;2.0
Lichtenrader Damm 254 (Berlin);2;2.0
Lichterfelder Ring/Waldsassener Str. (Berlin);2;2.0
Lichterfelder Weg (Berlin);2;2.0
Liebenowzeile (Berlin);1;1.0
Liebenwalder Str. (Berlin);2;2.0
Liebenwalder Str./Landsberger Allee (Berlin);2;2.0
Liebermann-Villa (Berlin);1;1.0
Lienemannstr. (Berlin);2;2.0
Lienhardweg (Berlin);1;1.0
Liesborner Weg (Berlin);1;1.0
Lieselotte-Berger-Platz (Berlin);2;2.0
Lieselotte-Berger-Str. (Berlin);3;4.0
Lietzenburger Str./Uhlandstr. (Berlin);2;2.0
Ligusterweg (Berlin);2;2.0
Liliensteinweg (Berlin);2;2.0
Lilienthalpark (Berlin);2;2.0
Limonenstr. (Berlin);2;2.0
Lincolnstr. (Berlin);2;2.0
Lincolnstr./Einbecker Str. (Berlin);2;2.0
Lindauer Allee/Residenzstr. (Berlin);2;2.0
Lindenberg (BAR), Bernauer Str.;2;
Lindenberg (BAR), Dorf;2;
Lindenberg (BAR), Klarahöh;1;
Lindenberger Str. (Berlin);2;2.0
Lindenberger Str./Birkholzer Weg (Berlin);2;
Lindenberger Weg (Berlin);2;2.0
Lindenberger Weg/Stadtgrenze (Berlin);2;2.0
Lindenhof (Berlin);1;2.0
Linderhofstr. (Berlin);2;2.0
Lindhorstweg (Berlin);2;2.0
Lindwerder (Berlin);2;2.0
Lipaer Str. (Berlin);1;1.0
Lippstädter Str. (Berlin);2;2.0
Lipschitzallee/Fritz-Erler-Allee (Berlin);4;4.0
Lipschitzallee/Rudower Str. (Berlin);3;3.0
Lissabonallee (Berlin);5;5.0
Littenstr. (Berlin);1;1.0
Lloyd-G.-Wells-Str. (Berlin);2;2.0
Lockenhuhnweg (Berlin);1;1.0
Loebellstr. (Berlin);2;2.0
Loerkesteig (Berlin);2;3.0
Lohmestr. (Berlin);2;2.0
Lohmühlenplatz (Berlin);4;4.0
Lohmühlenstr. (Berlin);2;2.0
Lohmühlenstr./Heidelberger Str. (Berlin);2;2.0
Londoner Str. (Berlin);2;2.0
Lortzingstr. (Berlin);2;2.0
Lossebergplatz (Berlin);2;2.0
Louise-Schroeder-Platz (Berlin);2;2.0
Louise-Schroeder-Siedlung (Berlin);2;2.0
Ludwigsfelder Str. (Berlin);2;2.0
Ludwigsfelder Str./Sachtlebenstr. (Berlin);2;2.0
Ludwigshöheweg (Berlin);2;2.0
Luisenplatz/Schloss Charlottenburg (Berlin);4;4.0
Lutherstr. (Berlin);2;2.0
Luxemburger Str. (Berlin);2;2.0
Luzerner Str. (Berlin);3;3.0
Lydia-Rabinowitsch-Str. (Berlin);2;2.0
Lynarstr. (Berlin);2;2.0
Löhleinstr. (Berlin);2;2.0
Lötschbergstr. (Berlin);2;2.0
Löwenberger Str. (Berlin);1;1.0
Löwensteinring (Berlin);2;2.0
Löwestr. (Berlin);2;2.0
Lübarser Weg (Berlin);2;2.0
Lübbenauer Weg (Berlin);1;1.0
Lübener Weg (Berlin);2;2.0
Lückhoffstr. (Berlin);2;2.0
Lückstr./Weitlingstr. (Berlin);2;2.0
Lüdenscheider Weg (Berlin);2;2.0
Lützowplatz (Berlin);2;2.0
Lützowstr./Potsdamer Str. (Berlin);2;2.0
Machandelweg (Berlin);2;2.0
Machnower Str. (Berlin);1;1.0
Machnower Str./Berlepschstr. (Berlin);4;4.0
Magnusstr. (Berlin);2;2.0
Mahonienweg (Berlin);2;2.0
Maienwerderweg (Berlin);2;2.0
Maikäferpfad (Berlin);2;2.0
Malchow/Dorfstr. (Berlin);3;4.0
Malchower Aue (Berlin);2;2.0
Malteserstr./Kamenzer Damm (Berlin);4;4.0
Mandrellaplatz (Berlin);2;2.0
Manga-Bell-Platz (Berlin);2;2.0
Mansfelder Str./Barstr. (Berlin);2;2.0
Mansteinstr. (Berlin);1;1.0
Manteuffelstr. (Berlin);2;2.0
Manteuffelstr./Köpenicker Str. (Berlin);4;4.0
Marathonallee (Berlin);1;1.0
Marchandstr. (Berlin);2;2.0
Marchbrücke (Berlin);2;2.0
Marchstr. (Berlin);4;4.0
Mareschstr. (Berlin);2;2.0
Marggraffbrücke (Berlin);2;2.0
Marheinekeplatz (Berlin);2;2.0
Mariannenplatz (Berlin);2;2.0
Mariendorfer Damm/Buckower Chaussee (Berlin);5;5.0
Mariendorfer Damm/Eisenacher Str. (Berlin);2;2.0
Mariendorfer Weg (Berlin);2;2.0
Marienstr. (Berlin);2;2.0
Marienstr./Pasewalker Str. (Berlin);2;2.0
Marientaler Str. (Berlin);2;2.0
Markgrafendamm (Berlin);4;4.0
Markgrafenstr. (Berlin);2;2.0
Marktplatz Adlershof (Berlin);2;2.0
Marktplatz Friedrichshagen (Berlin);2;2.0
Marktstr. (Berlin);2;2.0
Marthastr. (Berlin);1;1.0
Martin-Luther-Krankenhaus (Berlin);2;2.0
Marzahner Promenade (Berlin);2;2.0
Marzahner Str. (Berlin);1;1.0
Massantebrücke (Berlin);7;7.0
Masurenstr. (Berlin);2;2.0
Mattenbuder Pfad (Berlin);2;2.0
Mausohrweg (Berlin);2;
Max-Brunnow-Str. (Berlin);2;2.0
Maximilian-Kaller-Str. (Berlin);2;2.0
Maximiliankorso/Sigismundkorso (Berlin);2;2.0
Maximilianstr. (Berlin);2;2.0
Maxstr. (Berlin);2;2.0
Mayschweg (Berlin);1;
Mechthildstr. (Berlin);2;2.0
Mecklenburgische Str./Binger Str. (Berlin);2;2.0
Mehringbrücke (Berlin);4;4.0
Mehrow, Kirche;1;
Meiningenallee (Berlin);2;2.0
Melanchthonstr./Bruchwitzstr. (Berlin);1;1.0
Mellenseestr. (Berlin);2;2.0
Mellenseestr./Sewanstr. (Berlin);2;2.0
Memhardstr. (Berlin);2;2.0
Mengerzeile (Berlin);2;2.0
Menzelstr. (Berlin);2;2.0
Mercatorweg (Berlin);4;4.0
Mergentheimer Str. (Berlin);2;2.0
Merkurstr. (Berlin);1;1.0
Merler Weg (Berlin);2;2.0
Mertensstr. (Berlin);4;4.0
Mertensstr./Goltzstr. (Berlin);2;1.0
Merziger Str. (Berlin);2;2.0
Mescheder Weg (Berlin);2;2.0
Messegelände/ICC (Berlin);2;2.0
Messegelände/Verwaltung (Berlin);2;2.0
Messegelände/ZOB (Berlin);2;2.0
Messelstr. (Berlin);2;2.0
Metzer Str. (Berlin);2;2.0
Michael-Bohnen-Ring (Berlin);2;2.0
Michaelkirchstr. (Berlin);2;2.0
Michelangelostr. (Berlin);2;2.0
Michelangelostr. (Berlin) [Bushafen];3;3.0
Michiganseestr. (Berlin);2;2.0
Mickestr. (Berlin);2;2.0
Mierstr./Lahnstr. (Berlin);1;2.0
Milastr. (Berlin);2;2.0
Mimestr. (Berlin);2;2.0
Minna-Todenhagen-Brücke (Berlin);2;2.0
Miraustr. (Berlin);2;2.0
Mirbachplatz (Berlin);2;2.0
Mirower Str. (Berlin);2;2.0
Mistelweg (Berlin);2;2.0
Mittelbruchzeile (Berlin);2;2.0
Mittelbuschweg (Berlin);2;2.0
Mittelheide (Berlin);4;4.0
Mittelstr. (Berlin);2;2.0
Modersohnstr. (Berlin);2;2.0
Mohrunger Allee (Berlin);2;2.0
Mollnerweg (Berlin);2;2.0
Mollstr./Otto-Braun-Str. (Berlin);2;2.0
Mollstr./Prenzlauer Allee (Berlin);3;3.0
Mollwitzstr. (Berlin);2;2.0
Mommsenstr. (Berlin);2;2.0
Montanstr. (Berlin);1;
Montanstr./Lengeder Str. (Berlin);1;
Monumentenstr. (Berlin);2;2.0
Morusstr. (Berlin);2;2.0
Mosischstr. (Berlin);2;2.0
Motorradwerk (Berlin);2;2.0
Motzstr. (Berlin);2;2.0
Mozartstr. (Berlin);2;2.0
Moßkopfring (Berlin);1;
Museum Karlshorst (Berlin);2;2.0
Mäckeritzbrücke (Berlin);2;2.0
Mäckeritzwiesen (Berlin);2;3.0
Mädewalder Weg (Berlin);1;1.0
Märkische Allee/Alt-Friedrichsfelde (Berlin);2;2.0
Märkische Allee/Wuhletalstr. (Berlin);3;3.0
Märkische Zeile (Berlin);3;3.0
Märkisches Zentrum (Berlin);2;2.0
Mögeldorfer Weg (Berlin);2;2.0
Möllendorffstr./Storkower Str. (Berlin);4;4.0
Möllersfelder Weg (Berlin);2;2.0
Mönchsheimer Str. (Berlin);2;2.0
Mörderberg (Berlin);2;2.0
Möserstr. (Berlin);2;2.0
Möthlower Str. (Berlin);1;1.0
Müggelbergallee (Berlin);1;1.0
Müggelheim/Dorf (Berlin);3;4.0
Müggelheimer Str./Wendenschloßstr. (Berlin);3;3.0
Müggelschlößchenweg (Berlin);4;3.0
Müggelseeperle (Berlin);2;2.0
Mühlenfeldstr. (Berlin);2;2.0
Mühlenstr. (Berlin);2;2.0
Mühlenweg (Berlin);2;2.0
Mühlweg (Berlin);2;2.0
Mülheimer Str. (Berlin);2;2.0
Münchener Str. (Berlin);2;2.0
Müngersdorfer Str. (Berlin);2;2.0
Münsterlandplatz (Berlin);2;2.0
Mürwiker Str. (Berlin);2;2.0
Nahariyastr. (Berlin);2;3.0
Nahmitzer Damm (Berlin);4;5.0
Nahmitzer Damm/Marienfelder Allee (Berlin);2;2.0
Nalepastr./Helmholtzstr. (Berlin);2;2.0
Namslaustr. (Berlin);2;2.0
Narkauer Weg (Berlin);2;2.0
Nauener Str. (Berlin);2;2.0
Naumburger Ring (Berlin);2;2.0
Naumburger Str. (Berlin);2;
Neheimer Str. (Berlin);3;3.0
Neptunstr. (Berlin);1;1.0
Nerthusweg (Berlin);2;2.0
Neubrandenburger Str. (Berlin);2;2.0
Neue Bahnhofstr. (Berlin);2;2.0
Neue Kreisstr. (Berlin);2;2.0
Neue Krugallee/Dammweg (Berlin);2;2.0
Neuenhagener Str. (Berlin);3;3.0
Neuer Weg (Berlin);2;2.0
Neues Ufer (Berlin);2;2.0
Neuhofer Str. (Berlin);2;2.0
Neuköllner Str./Zwickauer Damm (Berlin);4;4.0
Neuköllnische Allee (Berlin);2;2.0
Neumagener Str. (Berlin);2;2.0
Neumannsgasse (Berlin);2;2.0
Neumannstr./Kissingenstr. (Berlin);2;2.0
Neumarkplan (Berlin);2;2.0
Neuwieder Str. (Berlin);2;2.0
Nibelungenstr. (Berlin);2;2.0
Nieberstr. (Berlin);2;2.0
Nieder Neuendorf, Bahnhofstr.;2;
Nieder Neuendorf, Havelpromenade;2;
Nieder Neuendorf, Oberjägerweg;2;
Nieder Neuendorf, Zur Baumschule;2;
Niemetzstr. (Berlin);2;2.0
Nieritzweg (Berlin);2;2.0
Niklasstr. (Berlin);2;2.0
Nikolskoer Weg (Berlin);2;2.0
Nixenstr. (Berlin);2;2.0
Nobelstr./Bergiusstr. (Berlin);2;
Nordend-Arena (Berlin);2;2.0
Nordendstr. (Berlin);2;2.0
Nordische Botschaften/Adenauer-Stiftung (Berlin);4;4.0
Normannenstr. (Berlin);2;2.0
Nossener Str. (Berlin);3;3.0
Nunsdorfer Ring Nord (Berlin);2;2.0
Nunsdorfer Ring Süd (Berlin);2;2.0
Nürnberger Str. (Berlin);2;2.0
Nüßlerstr./Feldtmannstr. (Berlin);4;4.0
Oberbaumbrücke (Berlin);2;2.0
Oberdorfer Steig (Berlin);1;1.0
Oberfeldstr. (Berlin);2;2.0
Oberhofer Platz (Berlin);3;3.0
Oberhofer Weg (Berlin);2;2.0
Oberlandgarten (Berlin);2;2.0
Oberlandstr. Mitte (Berlin);2;2.0
Oberlandstr./A100 (Berlin);2;2.0
Oberlandstr./Germaniastr. (Berlin);3;3.0
Oberspreestr./Bundeswehr (Berlin);2;2.0
Obstallee (Berlin);2;2.0
Odernheimer Str. (Berlin);3;4.0
Ohlauer Str. (Berlin);2;2.0
Ohserring (Berlin);2;2.0
Olafstr. (Berlin);2;2.0
Olbendorfer Weg (Berlin);1;1.0
Olivaer Platz (Berlin);4;4.0
Olivaer Platz/Xantener Str. (Berlin);1;1.0
Ollenhauerstr. (Berlin);1;1.0
Ollenhauerstr./Lindauer Allee (Berlin);4;4.0
Onkel-Herse-Str. (Berlin);2;2.0
Oranienburger Str./Alt-Wittenau (Berlin);2;2.0
Oranienburger Str./Hermsdorfer Str. (Berlin);2;2.0
Oranienplatz (Berlin);3;3.0
Ortnitstr. (Berlin);2;2.0
Ortolfstr./Siriusstr. (Berlin);2;2.0
Ortolfstr./Venusstr. (Berlin);3;3.0
Oschatzer Ring (Berlin);2;2.0
Osnabrücker Str. (Berlin);2;2.0
Ossietzkyplatz (Berlin);2;2.0
Ostburger Weg/Lettberger Str. (Berlin);1;1.0
Ostendstr. (Berlin);2;2.0
Osthafen (Berlin);2;2.0
Ostpreußendamm Süd (Berlin);2;2.0
Ostpreußendamm/Königsberger Str. (Berlin);4;4.0
Ostpreußendamm/Osdorfer Str. (Berlin);2;2.0
Ostseeplatz (Berlin);1;1.0
Ostweg (Berlin);2;2.0
Otawistr. (Berlin);2;2.0
Otisstr./Quäkerstr. (Berlin);2;2.0
Otisstr./Wittestr. (Berlin);2;2.0
Otto-Franke-Str. (Berlin);3;4.0
Otto-Rosenberg-Str. (Berlin);2;2.0
Otto-Suhr-Allee/Leibnizstr. (Berlin);4;4.0
Otto-Weidt-Platz (Berlin);2;2.0
Otto-Wels-Ring (Berlin);2;2.0
Ottomar-Geschke-Str. (Berlin);2;2.0
Ottostr. (Berlin);2;2.0
Pablo-Neruda-Str. (Berlin);2;2.0
Packereigraben (Berlin);2;
Pankow Kirche (Berlin);3;3.0
Pankower Allee/Reginhardstr. (Berlin);4;4.0
Pankower Str. (Berlin);2;2.0
Pannwitzstraße (Berlin);2;2.0
Papenberge, Spandauer Landstr.;2;
Papenberge, Waldmeisterstr.;2;
Papenberger Weg (Berlin);2;2.0
Papierstr. (Berlin);2;2.0
Paplitzer Str. (Berlin);1;1.0
Pappelplatz (Berlin);2;2.0
Papstfinkweg (Berlin);1;1.0
Pariser Str. (Berlin);2;2.0
Park Ruhwald (Berlin);2;2.0
Parkstr./Amalienstr. (Berlin);2;2.0
Pasewalker Str./Blankenburger Weg (Berlin);3;3.0
Paster-Behrens-Str. (Berlin);2;2.0
Paul-Dessau-Str. (Berlin);2;2.0
Paul-Gerhardt-Ring (Berlin);1;1.0
Paul-Junius-Str. (Berlin);2;2.0
Paul-Schneider-Str. (Berlin);2;2.0
Paulsenstr. (Berlin);2;2.0
Paulsternstr./Gartenfelder Str. (Berlin);3;3.0
Pausiner Str. (Berlin);2;2.0
Pechsteinstr. (Berlin);1;1.0
Pekrunstr. (Berlin);2;2.0
Penkuner Weg (Berlin);2;2.0
Perleberger Brücke (Berlin);2;2.0
Persantestr. (Berlin);2;2.0
Persiusstr. (Berlin);2;2.0
Peter-Anders-Str. (Berlin);2;2.0
Petershagener Weg (Berlin);2;2.0
Petunienweg (Berlin);2;2.0
Pfahlerstr. (Berlin);2;2.0
Pfalzgrafenweg (Berlin);1;1.0
Pfarrer-Heß-Weg (Berlin);4;4.0
Pfarrer-Vogelsang-Weg (Berlin);2;2.0
Pfarrwöhrde (Berlin);1;1.0
Pfaueninsel (Berlin);1;1.0
Pfaueninselchaussee/Königstr. (Berlin);2;2.0
Pfirsichweg (Berlin);2;2.0
Pflügerstr. (Berlin);2;2.0
Philharmonie (Berlin);2;2.0
Philharmonie Süd (Berlin);2;3.0
Philippstr. (Berlin);1;1.0
Pichelswerder (Berlin);2;2.0
Pichelswerderstr. (Berlin);2;2.0
Piesporter Str. (Berlin);3;3.0
Pietschkerstr. (Berlin);3;4.0
Pilatusweg (Berlin);2;2.0
Pilgramer Str./Rahnsdorfer Str. (Berlin);2;2.0
Pillauer Str. (Berlin);2;2.0
Pinnauweg (Berlin);2;2.0
Pirnaer Str. (Berlin);2;2.0
Pirolstr. (Berlin);2;2.0
Planetarium (Berlin);3;3.0
Planetenstr. (Berlin);2;2.0
Plantagenstr. (Berlin);2;2.0
Platz am Wilden Eber (Berlin);2;2.0
Platz der Republik (Berlin);2;2.0
Platz der Vereinten Nationen (Berlin);2;2.0
Platz des 4. Juli (Berlin);2;2.0
Plauener Str./Marzahner Str. (Berlin);2;2.0
Plüschowstr. (Berlin);2;2.0
Polizeidirektion 2 (Berlin);2;2.0
Popitzweg (Berlin);2;2.0
Porschestr. (Berlin);2;2.0
Poststadion (Berlin);2;2.0
Potsdam, Am Gehölz;2;2.0
Potsdam, Chopinstr.;2;
Potsdam, Glienicker Brücke;2;3.0
Potsdam, Hubertusdamm/Steinstr.;2;2.0
Potsdam, In der Aue;2;2.0
Potsdam, Jagdhausstr.;2;
Potsdam, Johannes-Kepler-Platz;3;
Potsdam, Lilienthalstr.;1;
Potsdam, Neuendorfer Str./Mendelssohn-Bartholdy-Str.;2;2.0
Potsdam, Stadtwerke;2;1.0
Potsdamer Brücke (Berlin);4;4.0
Potsdamer Chaussee/Lindenthaler Allee (Berlin);4;4.0
Pottensteiner Weg (Berlin);2;2.0
Pradelstr. (Berlin);2;2.0
Predigergarten (Berlin);2;2.0
Prendener Str. (Berlin);3;3.0
Prenzlauer Allee/Ostseestr. (Berlin);4;4.0
Prenzlauer Prom./Kissingenstr. (Berlin);2;2.0
Prenzlauer Promenade/Am Steinberg (Berlin);2;2.0
Prenzlauer Promenade/Granitzstr. (Berlin);2;2.0
Prettauer Pfad (Berlin);2;2.0
Preußenstr. (Berlin);2;2.0
Preysingstr. (Berlin);2;2.0
Prierosser Str. (Berlin);1;1.0
Prinz-Friedrich-Leopold-Str. (Berlin);1;1.0
Prinzenallee/Soldiner Str. (Berlin);3;3.0
Prinzenstr./Ritterstr. (Berlin);2;2.0
Pritstabelstr. (Berlin);2;1.0
Promenadenstr. (Berlin);2;2.0
Prühßstr. (Berlin);2;2.0
Pulsstr. (Berlin);1;1.0
Purpurkardinalweg (Berlin);1;1.0
Päwesiner Weg (Berlin);2;2.0
Pölnitzweg (Berlin);1;1.0
Pölnitzweg/Hobrechtsfelder Chaussee (Berlin);1;1.0
Pücklerstr. (Berlin);2;2.0
Quantzstr. (Berlin);2;2.0
Quarzweg/Marienfelder Chaussee (Berlin);4;4.0
Quellweg (Berlin);2;2.0
Quickborner Str. (Berlin);2;1.0
Quickborner Str./Treuenbrietzener Str. (Berlin);2;
Quitzowstr. (Berlin);2;2.0
Raabestr. (Berlin);2;2.0
Rabensteiner Str. (Berlin);2;2.0
Radelandstr./Pflegeheim (Berlin);2;2.0
Radickestr./Anna-Seghers-Str. (Berlin);1;1.0
Radickestr./Nipkowstr. (Berlin);2;2.0
Radieschenpfad (Berlin);2;2.0
Radtkestr. (Berlin);2;2.0
Ragniter Allee (Berlin);2;2.0
Rahnsdorf/Waldschänke (Berlin);4;6.0
Rallenweg (Berlin);2;2.0
Rapsweg/Unfallkrankenhaus (Berlin);2;2.0
Raschdorffstr. (Berlin);2;2.0
Rathaus Schmargendorf (Berlin);2;2.0
Rathaus Schöneberg (Berlin);2;2.0
Rathaus Tempelhof (Berlin);2;2.0
Rathaus Tiergarten (Berlin);1;1.0
Rathaus Treptow (Berlin);2;2.0
Rathaus Wannsee (Berlin);2;2.0
Rathaus Wedding (Berlin);2;2.0
Rathaus Weißensee (Berlin);4;4.0
Rathaus Zehlendorf (Berlin);2;2.0
Rathauspromenade (Berlin);3;3.0
Rathausstr./Kaiserstr. (Berlin);2;2.0
Rathenauplatz (Berlin);3;3.0
Rathenaustr./HTW (Berlin);2;2.0
Rathenower Str./Töpchiner Weg (Berlin);2;2.0
Rauchstr. (Berlin);2;2.0
Raumbacher Str. (Berlin);2;2.0
Rebenweg (Berlin);2;2.0
Rebhuhnweg (Berlin);2;2.0
Reginhardstr./Büdnerring (Berlin);1;1.0
Rehagener Str. (Berlin);2;2.0
Rehborner Str. (Berlin);2;2.0
Reichartstr. (Berlin);4;2.0
Reichensteiner Weg (Berlin);2;2.0
Reichsstr./Kastanienallee (Berlin);2;2.0
Reichstag/Bundestag (Berlin);2;2.0
Reichweindamm (Berlin);2;2.0
Reiherallee (Berlin);2;2.0
Reihersteg (Berlin);1;1.0
Reiler Str. (Berlin);2;2.0
Reinhardsbrunner Str. (Berlin);2;2.0
Rennbahnstr./Gustav-Adolf-Str. (Berlin);4;4.0
Rennbahnstr./Parkstr. (Berlin);2;2.0
Rennsteig (Berlin);2;2.0
Residenzstr./Reginhardstr. (Berlin);2;2.0
Rethelstr. (Berlin);1;1.0
Retzbacher Weg (Berlin);2;2.0
Reuchlinstr. (Berlin);2;2.0
Revierförsterei Blankenfelde (Berlin);2;2.0
Rex-Waite-Str. (Berlin);1;1.0
Rheinpfalzallee (Berlin);2;2.0
Rheinsteinstr. (Berlin);2;3.0
Rhinstr./Gärtnerstr. (Berlin);2;3.0
Rhinstr./Plauener Str. (Berlin);1;1.0
Richard-Strauss-Str. (Berlin);2;2.0
Richard-Tauber-Damm/Säntisstr. (Berlin);5;6.0
Richard-von-Weizsäcker-Platz (Berlin);4;4.0
Riedingerstr. (Berlin);2;2.0
Riesaer Str. (Berlin);3;3.0
Riesaer Str./Louis-Lewin-Str. (Berlin);2;2.0
Riesestr. (Berlin);2;2.0
Rietzestr. (Berlin);2;2.0
Ringbahnstr. (Berlin);2;2.0
Ringslebenstr./Mollnerweg (Berlin);2;2.0
Ringstr./Kurfürstenstr. (Berlin);2;2.0
Ringstr./Rathausstr. (Berlin);1;1.0
Rio-Reiser-Platz (Berlin);2;2.0
Ritterlandweg (Berlin);2;2.0
Ritterlandweg/Soldiner Str. (Berlin);2;2.0
Rixdorfer Str./Britzer Str. (Berlin);4;4.0
Rixdorfer Str./Ullsteinstr. (Berlin);4;4.0
Robert-Koch-Platz (Berlin);3;4.0
Robert-Lück-Str. (Berlin);2;2.0
Robert-Schuman-Brücke (Berlin);1;1.0
Robert-Uhrig-Str. (Berlin);2;2.0
Rodensteinstr. (Berlin);2;2.0
Roedernallee/Flottenstr. (Berlin);2;2.0
Roederplatz (Berlin);2;2.0
Roelckestr. (Berlin);2;2.0
Roelckestr./Langhansstr. (Berlin);2;2.0
Roelckestr./Nüßlerstr. (Berlin);2;2.0
Rohdestr. (Berlin);2;2.0
Rohlfsstr. (Berlin);2;2.0
Rohrdamm/Wasserwerk (Berlin);2;2.0
Rohrdammbrücke (Berlin);2;2.0
Rohrweihstr. (Berlin);2;2.0
Rolandstr. (Berlin);1;1.0
Romain-Rolland-Str./Straße 16 (Berlin);2;2.0
Roseggerstr. (Berlin);2;2.0
Roseneck (Berlin);4;4.0
Roseneck/Hohenzollerndamm (Berlin);2;2.0
Roseneck/Teplitzer Str. (Berlin);4;4.0
Rosenfelder Str. (Berlin);1;1.0
Rosenthal Kirche (Berlin);2;2.0
Rosenthaler Str. (Berlin);3;3.0
Rosenweg (Berlin);2;2.0
Roswithastr. (Berlin);1;1.0
Rotbuchenweg (Berlin);2;2.0
Rotkehlchenweg (Berlin);2;2.0
Rotkopfweg (Berlin);2;2.0
Rotschwanzweg (Berlin);2;2.0
Roßlauer Str. (Berlin);3;3.0
Rudolf-Leonhard-Str. (Berlin);2;2.0
Rudolf-Mosse-Platz (Berlin);2;2.0
Rudolf-Wissell-Siedlung (Berlin);3;3.0
Rudower Chaussee/Wegedornstr. (Berlin);3;3.0
Rudower Fließ (Berlin);2;2.0
Rudower Höhe (Berlin);2;2.0
Rudower Str. (Berlin);2;2.0
Rudower Str./Grüner Weg (Berlin);4;4.0
Rudower Str./Schnellerstr. (Berlin);2;2.0
Rufacher Weg (Berlin);2;2.0
Ruhlebener Str./Grunewaldstr. (Berlin);2;2.0
Rumeyplan (Berlin);2;2.0
Rummelsburger Str. (Berlin);2;2.0
Rustweg (Berlin);2;2.0
Röbellweg (Berlin);2;2.0
Röblingstr./Arnulfstr. (Berlin);4;4.0
Röblingstr./Attilastr. (Berlin);4;4.0
Röländer Str. (Berlin);2;2.0
Rübezahl (Berlin);2;2.0
Rübezahlweg (Berlin);2;
Rüdigerstr. (Berlin);1;1.0
Rüdigerstr./Kriemhildstr. (Berlin);1;1.0
Rügener Str. (Berlin);3;3.0
S Adlershof (Berlin);3;3.0
S Adlershof/Franz-Ehrlich-Str. (Berlin);1;1.0
S Ahrensfelde Bhf (Berlin);3;3.0
S Altglienicke (Berlin);2;2.0
S Anhalter Bahnhof (Berlin);4;4.0
S Attilastr. (Berlin);3;3.0
S Baumschulenweg (Berlin);3;4.0
S Beusselstr. (Berlin);2;2.0
S Biesdorf (Berlin);4;5.0
S Blankenburg (Berlin);2;2.0
S Botanischer Garten (Berlin);1;1.0
S Buch (Berlin);4;5.0
S Buch (Berlin) [Am Sandhaus];1;1.0
S Buch/Röbellweg (Berlin);2;2.0
S Buckower Chaussee Ost (Berlin);1;2.0
S Buckower Chaussee West (Berlin);2;2.0
S Charlottenburg Bhf (Berlin);1;1.0
S Charlottenburg/Gervinusstr. (Berlin);2;2.0
S Eichborndamm (Berlin);2;2.0
S Erkner Bhf/ZOB;2;
S Feuerbachstr. (Berlin);2;2.0
S Friedrichsfelde Ost (Berlin);5;5.0
S Friedrichshagen (Berlin);2;2.0
S Frohnau (Berlin);3;3.0
S Gehrenseestr. (Berlin);2;2.0
S Greifswalder Str. (Berlin);2;2.0
S Grunewald (Berlin);4;5.0
S Grünau (Berlin);8;7.0
S Hackescher Markt (Berlin);1;1.0
S Halensee (Berlin);3;3.0
S Heerstr. (Berlin);2;3.0
S Heiligensee (Berlin);3;4.0
S Hennigsdorf Bhf;1;
S Hermsdorf (Berlin);2;2.0
S Hohenschönhausen Bhf (Berlin);2;2.0
S Hohenzollerndamm (Berlin);5;5.0
S Hohenzollerndamm/A100 (Berlin);1;1.0
S Humboldthain (Berlin);2;2.0
S Julius-Leber-Brücke (Berlin);2;2.0
S Karlshorst (Berlin);2;3.0
S Karow Bhf (Berlin);3;4.0
S Kaulsdorf (Berlin);4;4.0
S Köllnische Heide (Berlin);2;2.0
S Köpenick (Berlin);2;2.0
S Landsberger Allee (Berlin);2;2.0
S Lankwitz (Berlin);3;3.0
S Lichtenrade (Berlin);4;5.0
S Lichterfelde Ost Bhf (Berlin);2;2.0
S Lichterfelde Süd (Berlin);6;7.0
S Lichterfelde West (Berlin);2;2.0
S Mahlsdorf Bhf (Berlin);5;6.0
S Marienfelde (Berlin);4;7.0
S Marzahn (Berlin);6;6.0
S Mehrower Allee (Berlin);2;3.0
S Messe Nord/ICC (Berlin);3;3.0
S Messe Süd (Berlin);2;2.0
S Mexikoplatz (Berlin);2;2.0
S Nikolassee (Berlin);4;4.0
S Nordbahnhof (Berlin);2;2.0
S Nordbahnhof/Gartenstr. (Berlin);2;2.0
S Nöldnerplatz (Berlin);2;2.0
S Nöldnerplatz/Schlichtallee (Berlin);2;2.0
S Osdorfer Str. (Berlin);4;4.0
S Ostbahnhof (Berlin);3;4.0
S Ostbahnhof/Erich-Steinfurth-Str. (Berlin);2;2.0
S Ostkreuz Bhf (Berlin);2;2.0
S Pankow-Heinersdorf (Berlin);2;2.0
S Plänterwald (Berlin);4;4.0
S Poelchaustr. (Berlin);2;2.0
S Potsdamer Platz Bhf/Voßstr. (Berlin);2;2.0
S Prenzlauer Allee (Berlin);3;3.0
S Priesterweg (Berlin);2;2.0
S Rahnsdorf (Berlin);2;2.0
S Raoul-Wallenberg-Str. (Berlin);3;3.0
S Rummelsburg (Berlin);4;4.0
S Schichauweg (Berlin);2;2.0
S Schulzendorf (Berlin);2;2.0
S Schöneberg (Berlin);2;2.0
S Schöneweide Bhf (Berlin);4;4.0
S Schöneweide/Sterndamm (Berlin);6;6.0
S Schönholz (Berlin);2;2.0
S Sonnenallee (Berlin);4;4.0
S Sonnenallee/Saalestr. (Berlin);3;4.0
S Spindlersfeld (Berlin);2;2.0
S Springpfuhl (Berlin);2;2.0
S Storkower Str. (Berlin);3;4.0
S Stresow (Berlin);4;3.0
S Sundgauer Str. (Berlin);2;2.0
S Südende (Berlin);2;2.0
S Südkreuz Bhf (Berlin);4;5.0
S Südkreuz Bhf/Ostseite (Berlin);2;3.0
S Tegel (Berlin);3;3.0
S Teltow Stadt/Gonfrevillestr.;2;
S Tiergarten (Berlin);2;2.0
S Treptower Park (Berlin);3;3.0
S Waidmannslust (Berlin);4;4.0
S Wannsee Bhf (Berlin);6;7.0
S Wartenberg (Berlin);2;2.0
S Westend (Berlin);2;2.0
S Westkreuz (Berlin);1;1.0
S Wilhelmshagen (Berlin);1;1.0
S Wilhelmsruh (Berlin);2;2.0
S Wollankstr. (Berlin);3;3.0
S Wollankstr./Sternstr. (Berlin);2;2.0
S Wuhlheide (Berlin);1;2.0
S Zehlendorf (Berlin);3;3.0
S+U Alexanderplatz Bhf/Grunerstr. (Berlin);3;3.0
S+U Alexanderplatz Bhf/Memhardstr. (Berlin);7;7.0
S+U Berlin Hauptbahnhof;6;9.0
S+U Brandenburger Tor (Berlin);2;2.0
S+U Bundesplatz (Berlin);2;4.0
S+U Frankfurter Allee (Berlin);2;2.0
S+U Friedrichstr. Bhf (Berlin);2;2.0
S+U Gesundbrunnen Bhf (Berlin);3;3.0
S+U Heidelberger Platz (Berlin);4;4.0
S+U Hermannstr. (Berlin);4;6.0
S+U Hermannstr./Silbersteinstr. (Berlin);2;2.0
S+U Innsbrucker Platz (Berlin);5;5.0
S+U Jannowitzbrücke (Berlin);4;4.0
S+U Jungfernheide Bhf (Berlin);4;4.0
S+U Karl-Bonhoeffer-Nervenklinik (Berlin);2;2.0
S+U Lichtenberg Bhf (Berlin);5;6.0
S+U Lichtenberg Bhf/Siegfriedstr. (Berlin);3;4.0
S+U Neukölln (Berlin);3;4.0
S+U Pankow (Berlin);4;4.0
S+U Potsdamer Platz Bhf (Berlin);4;4.0
S+U Rathaus Spandau (Berlin);11;14.0
S+U Rathaus Steglitz (Berlin);15;15.0
S+U Schönhauser Allee (Berlin);2;2.0
S+U Tempelhof (Berlin);4;4.0
S+U Warschauer Str. (Berlin);4;5.0
S+U Wedding (Berlin);2;2.0
S+U Westhafen (Berlin);2;2.0
S+U Wittenau (Berlin);2;2.0
S+U Wuhletal (Berlin);6;6.0
S+U Yorckstr. (Berlin);2;2.0
S+U Yorckstr. (Großgörschenstr.) (Berlin);2;2.0
S+U Zoologischer Garten Bhf (Berlin);7;7.0
S+U Zoologischer Garten/Jebensstr. (Berlin);3;3.0
S.-Allende-Str./Wendenschloßstr. (Berlin);2;2.0
Saalburgstr. (Berlin);2;2.0
Saaleckplatz (Berlin);3;3.0
Saaler Bogen (Berlin);2;2.0
Saatwinkler Damm 137 (Berlin);2;2.0
Saatwinkler Damm/Rohrdamm (Berlin);2;2.0
Sachsendamm/Gotenstr. (Berlin);2;2.0
Sachtlebenstr. (Berlin);2;3.0
Sadowastr. (Berlin);2;2.0
Sallgaster Str. (Berlin);2;2.0
Salvador-Allende-Brücke (Berlin);2;2.0
Salzbrunner Str. (Berlin);2;2.0
Samoastr. (Berlin);2;2.0
Sandhauser Brücke (Berlin);2;2.0
Sandheideweg (Berlin);2;2.0
Sandsteinweg (Berlin);2;2.0
Sandwiesenweg (Berlin);2;2.0
Sangeallee (Berlin);1;1.0
Sangerhauser Weg (Berlin);2;2.0
Sausenberger Str. (Berlin);2;2.0
Schallweg (Berlin);2;2.0
Schaltwerk (Berlin);2;2.0
Schappachstr. (Berlin);1;1.0
Scharfenberg (Berlin);1;
Scharfestr. (Berlin);2;2.0
Schererstr. (Berlin);2;2.0
Schieritzstr. (Berlin);2;2.0
Schildhorn (Berlin);2;2.0
Schildow, Kirche;2;2.0
Schildower Str. (Berlin);2;2.0
Schillerplatz (Berlin);2;2.0
Schillstr. (Berlin);4;4.0
Schirnerstr. (Berlin);2;2.0
Schleusinger Str. (Berlin);2;2.0
Schloss Bellevue (Berlin);2;2.0
Schloss Charlottenburg (Berlin);2;2.0
Schloss Glienicke (Berlin);2;2.0
Schlossbrücke (Berlin);2;2.0
Schlosserweg (Berlin);2;2.0
Schlosspark Biesdorf (Berlin);2;2.0
Schlosspark-Klinik (Berlin);1;1.0
Schlossparktheater (Berlin);4;4.0
Schmalenbachstr. (Berlin);2;
Schmargendorf Kirche (Berlin);2;2.0
Schmidt-Ott-Str. (Berlin);2;2.0
Schmitzweg (Berlin);2;2.0
Schmöckwitzer Damm (Berlin);2;2.0
Schmöckwitzer Forst (Berlin);2;2.0
Schneehuhnweg (Berlin);1;1.0
Schnellerstr. 135 (Berlin);2;2.0
Schnellerstr./Köllnische Str. (Berlin);2;2.0
Scholzplatz (Berlin);4;4.0
Schonacher Str. (Berlin);2;2.0
Schopenhauerstr. (Berlin);2;2.0
Schorfheidestr. (Berlin);1;1.0
Schorfheidestr./Dannenwalder Weg (Berlin);2;2.0
Schorfheidestr./Eichhorster Weg (Berlin);2;2.0
Schorlemerallee (Berlin);2;2.0
Schottstr. (Berlin);1;1.0
Schreiberring (Berlin);2;2.0
Schriftsetzerweg (Berlin);2;2.0
Schrockstr. (Berlin);2;2.0
Schubartstr./Ernststr. (Berlin);2;2.0
Schuchardtweg (Berlin);2;2.0
Schule am Park (Berlin);2;2.0
Schulenburgpark (Berlin);2;2.0
Schulstr. (Berlin);2;2.0
Schulzendorfer Str. (Berlin);2;2.0
Schulzendorfer Str./Parchwitzer Str. (Berlin);1;1.0
Schulzendorfer Str./Ruppiner Chaussee (Berlin);2;2.0
Schulzendorfer Weg (Berlin);2;2.0
Schulzenstr. (Berlin);2;2.0
Schumannstr. (Berlin);2;2.0
Schwabinger Weg (Berlin);2;2.0
Schwanebeck (BAR), Dorf;2;
Schwanebeck (BAR), Karower Str.;1;
Schwanebeck (BAR), Kleiststr.;1;1.0
Schwanebeck (BAR), Neu-Buch;2;2.0
Schwanebeck (BAR), Neue Kärntner Str.;2;2.0
Schwanebeck (BAR), Schule;1;1.0
Schwanter Weg (Berlin);2;2.0
Schwarzburger Str. (Berlin);2;2.0
Schwarzelfenweg (Berlin);2;3.0
Schwarzheider Str. (Berlin);2;2.0
Schwarzmeerstr. (Berlin);2;2.0
Schwarzspechtweg (Berlin);2;2.0
Schwatlostr. (Berlin);2;2.0
Schwechtenstr. (Berlin);2;2.0
Schweiggerweg (Berlin);2;2.0
Schweizerhofpark (Berlin);2;2.0
Schwelmer Str. (Berlin);2;2.0
Schweriner Ring (Berlin);2;2.0
Schäferberg (Berlin);2;2.0
Schönbaumer Weg (Berlin);2;2.0
Schönblicker Str. (Berlin);2;2.0
Schöneberger Brücke (Berlin);2;2.0
Schöneberger Str. (Berlin);4;4.0
Schönefeld (bei Berlin), Bertolt-Brecht-Allee;2;
Schönefeld (bei Berlin), Dorf;2;
Schönefeld (bei Berlin), Gartenstr.;2;2.0
Schönefeld (bei Berlin), Hans-Grade-Allee;2;
Schönefeld (bei Berlin), Rathaus;1;
Schönefeld (bei Berlin), Schwimmhalle;1;
Schönefeld (bei Berlin), Seeweg;2;2.0
Schönefeld (bei Berlin), Thomas-Dachser-Allee;2;
Schönefeld (bei Berlin), Waltersdorfer Chaussee;4;3.0
Schönefeld (bei Berlin), Wehrmathen;2;2.0
Schönefelder Str./Neuhofer Str. (Berlin);1;1.0
Schönefelder Str./Straße 577 (Berlin);1;1.0
Schöneiche (bei Berlin), C.-Zetkin-Str.;2;2.0
Schöneiche (bei Berlin), Dorfaue;1;1.0
Schöneiche (bei Berlin), Hamburger Str.;2;2.0
Schöneiche (bei Berlin), Lübecker Str.;2;2.0
Schöneiche (bei Berlin), Lübecker Str. [Endstelle];2;3.0
Schöneiche (bei Berlin), Miethkestr.;2;2.0
Schöneiche (bei Berlin), Seestr.;2;2.0
Schöneiche (bei Berlin), W.-Dehmel-Str.;2;2.0
Schönerlinder Chaussee (Berlin);2;2.0
Schönerlinder Str. (Berlin);2;2.0
Schönerlinder Str./Lindenhof (Berlin);2;2.0
Schönhauser Str./Kirchstr. (Berlin);2;2.0
Schönholzer Heide Süd (Berlin);2;2.0
Schönholzer Weg (Berlin) [Schillerstr.];3;4.0
Schönower Park (Berlin);2;2.0
Schülerbergstr. (Berlin);2;2.0
Schützallee (Berlin);2;2.0
Schützallee/Riemeisterstr. (Berlin);2;2.0
Sebastian-Friedhof (Berlin);2;2.0
Seeadlerweg (Berlin);1;1.0
Seeburger Str./Päwesiner Weg (Berlin);2;2.0
Seecktstr. (Berlin);2;2.0
Seegefelder Weg (Berlin);1;1.0
Seehausener Str. (Berlin);2;2.0
Seekorso (Berlin);2;2.0
Seelingstr. (Berlin);2;2.0
Seesener Str. (Berlin);4;4.0
Seestr./Amrumer Str. (Berlin);4;4.0
Seestr./Beusselstr. (Berlin);4;4.0
Segelfliegerdamm/Trützschlerstr.(Berlin);1;1.0
Segelfliegerdamm/Waldstr. (Berlin);2;2.0
Segewaldweg (Berlin);1;1.0
Segitzdamm (Berlin);2;2.0
Seglerweg (Berlin);2;2.0
Selerweg (Berlin);2;2.0
Selgenauer Weg (Berlin);2;2.0
Sella-Hasse-Str. (Berlin);2;2.0
Selma-und-Paul-Latte-Platz (Berlin);1;1.0
Seltersstr. (Berlin);2;2.0
Semliner Str. (Berlin);2;2.0
Senftenberger Ring Nord (Berlin);2;2.0
Senftenberger Ring Ost (Berlin);2;2.0
Septimerbecken (Berlin);2;2.0
Septimerstr. (Berlin);2;2.0
Sewanstr./Dolgenseestr. (Berlin);4;4.0
Sewanstr./Volkradstr. (Berlin);2;2.0
Seydlitzstr. (Berlin);3;4.0
Siebenendenweg (Berlin);2;2.0
Siedlung Hakenfelde (Berlin);2;2.0
Siedlung Haselhorst (Berlin);2;2.0
Siedlung Wartenberg/Straße 5 (Berlin);2;
Siedlung Wartenberg/Straße 7 (Berlin);1;
Siegfriedstr./Josef-Orlopp-Str. (Berlin);3;3.0
Siemensstr./Halskestr. (Berlin);4;4.0
Siemensstr./Nalepastr. (Berlin);2;1.0
Simon-Dach-Str. (Berlin);1;1.0
Simplonstr. (Berlin);1;1.0
Simpsonweg (Berlin);2;2.0
Singerstr. (Berlin);2;2.0
Siriusstr. (Berlin);2;2.0
Siriusstr./Uranusstr. (Berlin);2;2.0
Skutaristr. (Berlin);4;4.0
Slabystr. (Berlin);1;1.0
Sodener Str. (Berlin);2;2.0
Soldiner Str./Koloniestr. (Berlin);2;2.0
Solinger Str. (Berlin);2;2.0
Sollmannweg (Berlin);2;2.0
Sommerbad Mariendorf (Berlin);2;2.0
Sommerbad Neukölln (Berlin);2;2.0
Sommerstr. (Berlin);1;1.0
Sondershauser Str. (Berlin);2;2.0
Sonnenallee/Baumschulenstr. (Berlin);5;5.0
Sonnenallee/Pannierstr. (Berlin);4;4.0
Sonnenscheinpfad (Berlin);2;2.0
Sophie-Charlotte-Str. (Berlin);2;2.0
Sophienstr. (Berlin);1;1.0
Sowjetisches Ehrenmal (Berlin);1;1.0
Spandauer Damm/Reichsstr. (Berlin);2;2.0
Spandauer Str./Marienkirche (Berlin);3;3.0
Spandauer-See-Brücke (Berlin);2;2.0
Spechtstr. (Berlin);2;2.0
Spektebrücke (Berlin);2;2.0
Spektefeld (Berlin);3;3.0
Spekteweg (Berlin);2;2.0
Spenerstr. (Berlin);2;2.0
Sperberstr. (Berlin);2;2.0
Sperenberger Str. (Berlin);2;2.0
Spindlersfelder Str. (Berlin);2;2.0
Sportforum (Berlin);2;2.0
Sportzentrum Schöneberg (Berlin);2;2.0
Spreewaldplatz (Berlin);2;2.0
Spremberger Str. (Berlin);2;2.0
Springbornstr. (Berlin);2;1.0
Springerzeile (Berlin);2;2.0
Sprintsteig (Berlin);2;2.0
Späthstr./Ligusterweg (Berlin);2;2.0
Sredzkistr. (Berlin);2;2.0
St. Marien-Krankenhaus (Berlin);2;2.0
St.-Elisabeth-Kirchhof (Berlin);2;2.0
Staakener Feldstr. (Berlin);2;2.0
Staatsoper (Berlin);2;2.0
Stadion Buschallee/Hansastr. (Berlin);3;3.0
Stadion Haselhorst (Berlin);2;2.0
Stadion Lichterfelde (Berlin);2;2.0
Stadtbad Lankwitz (Berlin);2;2.0
Stadtgrenze Rudow (Berlin);1;1.0
Stadtilmer Weg (Berlin);2;2.0
Stadtrandsiedlung (Berlin);2;3.0
Stahnsdorf, Am Upstall;1;
Stahnsdorf, Am Weiher;1;
Stahnsdorf, Annastr.;1;
Stahnsdorf, Bergstr.;1;
Stahnsdorf, Friedrich-Naumann-Str.;1;
Stahnsdorf, Friedrich-Weißler-Platz;1;
Stahnsdorf, Heinrich-Zille-Str.;1;
Stahnsdorf, Hildegardstr.;1;
Stahnsdorf, John-Graudenz-Str.;1;
Stahnsdorf, Stahnsdorfer Hof;1;
Stahnsdorf, Ulmenweg;1;
Stahnsdorf, Waldschänke;2;
Stahnsdorfer Brücke (Berlin);2;2.0
Stanzer Zeile (Berlin);3;3.0
Stargardtstr. (Berlin);2;2.0
Stedingerweg (Berlin);2;2.0
Steglitzer Damm/Bismarckstr. (Berlin);4;5.0
Steglitzer Damm/Halskestr. (Berlin);5;5.0
Steinbockstr. (Berlin);2;2.0
Steinplatz (Berlin);2;2.0
Steinstr./Rhinstr. (Berlin);2;2.0
Steinstücken (Berlin);3;4.0
Steinträgerweg (Berlin);2;2.0
Stelzenweg (Berlin);2;2.0
Stendaler Str. (Berlin);2;2.0
Stendaler Str./Quedlinburger Str. (Berlin);2;2.0
Sterkrader Str. (Berlin);2;2.0
Sterndamm/Königsheideweg (Berlin);4;4.0
Sterndamm/Schule (Berlin);2;2.0
Sterndamm/Stubenrauchstr. (Berlin);2;2.0
Stieffring (Berlin);3;4.0
Stiftsweg (Berlin);2;2.0
Stindestr. (Berlin);2;2.0
Storchenweg (Berlin);2;2.0
Storkower Str./Einkaufszentrum (Berlin);2;2.0
Storkower Str./Gewerbegebiet (Berlin);1;1.0
Stralauer Allee (Berlin);2;2.0
Stralauer Platz (Berlin);2;2.0
Strandbad Heiligensee (Berlin);2;2.0
Strandbad Müggelsee (Berlin);2;2.0
Straußstr. (Berlin);2;2.0
Straße am Flugplatz (Berlin);2;2.0
Straße am Schaltwerk (Berlin);2;2.0
Straße zum Löwen (Berlin);1;1.0
Stresowplatz (Berlin);2;2.0
Stromstr. (Berlin);2;2.0
Stubenrauchstr. (Berlin);2;2.0
Stubenrauchstr./Springbornstr. (Berlin);6;4.0
Studentendorf Schlachtensee (Berlin);2;2.0
Stuthirtenweg (Berlin);4;4.0
Stölpchensee (Berlin);2;2.0
Stößenseebrücke (Berlin);2;2.0
Suhler Str. (Berlin);1;1.0
Sulzaer Str. (Berlin);2;2.0
Summter Str. (Berlin);3;4.0
Suttnerstr. (Berlin);1;1.0
Sven-Hedin-Platz (Berlin);2;2.0
Swinemünder Str. (Berlin);2;2.0
Sylter Str. (Berlin);1;1.0
Südostallee/Breites Fenn (Berlin);2;2.0
Südostallee/Königsheide (Berlin);2;2.0
Südwestkorso/Taunusstr. (Berlin);2;2.0
Taborstr. (Berlin);2;2.0
Tamara-Danz-Str. (Berlin);2;2.0
Tankredstr. (Berlin);2;2.0
Taubertstr. (Berlin);2;2.0
Tauernallee/Säntisstr. (Berlin);4;4.0
Techowpromenade (Berlin);4;4.0
Tegeler Brücke (Berlin);2;2.0
Tegeler Weg/S Jungfernheide (Berlin);2;2.0
Tegelort (Berlin);2;2.0
Teltow, Bürgertreff;2;
Teltow, Einkaufszentrum Oderstr.;2;
Teltow, Ev. Diakonissenhaus;2;2.0
Teltow, Fritz-Reuter-Str.;2;2.0
Teltow, Hannemannstr.;2;2.0
Teltow, Havelstr.;2;
Teltow, Jahnstr.;2;
Teltow, Maxim-Gorki-Str.;2;2.0
Teltow, Neißestr.;2;
Teltow, Rammrath-Brücke;2;
Teltow, Ruhlsdorfer Platz;2;2.0
Teltow, Schönower Str.;2;2.0
Teltow, Striewitzweg;2;
Teltow, Warthestr.;2;
Teltow, Zehlendorfer Str.;2;2.0
Teltower Str. (Berlin);2;2.0
Teltowkanalstr. (Berlin);2;2.0
Temmeweg (Berlin);2;2.0
Tempelherrenstr. (Berlin);2;2.0
Teschendorfer Weg (Berlin);2;1.0
Tessenowstr. (Berlin);2;2.0
Teupitzer Str. (Berlin);2;2.0
Teutonenstr. (Berlin);1;1.0
Thaters Privatweg (Berlin);2;2.0
Theater des Westens (Berlin);2;2.0
Theodor-Brugsch-Str. (Berlin);2;2.0
Theodor-Heuss-Weg (Berlin);2;2.0
Thielallee/Dahlemer Weg (Berlin);2;2.0
Thuner Platz (Berlin);2;3.0
Tiefenseer Str. (Berlin);2;2.0
Tiefwerderweg (Berlin);2;2.0
Tiergartenstr. (Berlin);2;2.0
Tierheim Berlin/Dorfstr. (Berlin);2;2.0
Tietjenstr. (Berlin);1;1.0
Tietzenweg (Berlin);1;1.0
Tillmannsweg (Berlin);2;2.0
Tirschenreuther Ring (Berlin);2;2.0
Tischlerzeile (Berlin);3;3.0
Titiseestr. (Berlin);3;3.0
Titlisweg (Berlin);1;1.0
Titusweg (Berlin);2;2.0
Toeplerstr./Halemweg (Berlin);3;3.0
Tolkmittstr. (Berlin);1;1.0
Tollensestr. (Berlin);2;2.0
Tongaweg (Berlin);2;2.0
Torgauer Str. (Berlin);2;2.0
Tornower Weg (Berlin);2;1.0
Trabener Steg (Berlin);2;2.0
Trabrennbahn (Berlin);2;2.0
Tramper Weg (Berlin);2;2.0
Transvaalstr. (Berlin);2;2.0
Treptower Brücke (Berlin);2;2.0
Treptower Str./Harzer Str. (Berlin);2;2.0
Treseburger Str. (Berlin);2;2.0
Treskowallee/HTW (Berlin);1;1.0
Treskowstr. (Berlin);2;2.0
Trettachzeile (Berlin);2;2.0
Triftstr. (Berlin);2;2.0
Triftstr./Am Nordgraben (Berlin);2;2.0
Tropfsteinweg (Berlin);2;2.0
Trusetaler Str. (Berlin);2;2.0
Trützschlerstr. (Berlin);1;1.0
Tschaikowskistr. (Berlin);2;2.0
Tucholskystr. (Berlin);2;2.0
Turmstr./Rathenower Str. (Berlin);1;1.0
Turmstr./Waldstr. (Berlin);1;1.0
Türkenstr. (Berlin);2;2.0
U Adenauerplatz (Berlin);4;4.0
U Afrikanische Str. (Berlin);4;4.0
U Alexanderplatz (Berlin) [Tram];2;2.0
U Alt-Mariendorf (Berlin);8;8.0
U Alt-Tegel (Berlin);4;4.0
U Alt-Tempelhof (Berlin);6;6.0
U Altstadt Spandau (Berlin);2;2.0
U Amrumer Str. (Berlin);5;5.0
U Bayerischer Platz (Berlin);2;2.0
U Berliner Str. (Berlin);7;7.0
U Bernauer Str. (Berlin);3;3.0
U Bernauer Str./Schönholzer Str. (Berlin);2;2.0
U Birkenstr. (Berlin);2;2.0
U Bismarckstr. (Berlin);2;2.0
U Blaschkoallee (Berlin);2;2.0
U Blissestr. (Berlin);3;3.0
U Blissestr./Uhlandstr. (Berlin);4;4.0
U Boddinstr. (Berlin);2;2.0
U Borsigwerke (Berlin);2;2.0
U Breitenbachplatz (Berlin);4;4.0
U Britz-Süd (Berlin);3;3.0
U Bülowstr. (Berlin);5;5.0
U Cottbusser Platz (Berlin);2;2.0
U Dahlem-Dorf (Berlin);4;5.0
U Deutsche Oper (Berlin);2;2.0
U Eberswalder Str. (Berlin);2;2.0
U Eisenacher Str. (Berlin);2;2.0
U Elsterwerdaer Platz (Berlin);7;7.0
U Ernst-Reuter-Platz (Berlin);2;2.0
U Fehrbelliner Platz (Berlin);4;4.0
U Frankfurter Tor (Berlin);2;2.0
U Franz-Neumann-Platz (Berlin);6;6.0
U Freie Universität (Thielplatz) (Berlin);2;2.0
U Friedrich-Wilhelm-Platz (Berlin);8;8.0
U Friedrichsfelde (Berlin);3;3.0
U Friedrichsfelde/Massower Str. (Berlin);1;1.0
U Gneisenaustr. (Berlin);4;4.0
U Grenzallee (Berlin);3;3.0
U Grenzallee/Jahnstr. (Berlin);2;2.0
U Görlitzer Bahnhof (Berlin);4;4.0
U Güntzelstr. (Berlin);2;2.0
U Halemweg (Berlin);2;2.0
U Hallesches Tor (Berlin);5;5.0
U Hansaplatz (Berlin);2;2.0
U Haselhorst (Berlin);8;8.0
U Heinrich-Heine-Str. (Berlin);5;5.0
U Hellersdorf (Berlin);4;4.0
U Hermannplatz (Berlin);6;6.0
U Hermannplatz/Karl-Marx-Str. (Berlin);2;2.0
U Hermannplatz/Sonnenallee (Berlin);3;3.0
U Hermannplatz/Urbanstr. (Berlin);3;3.0
U Hohenzollernplatz (Berlin);4;4.0
U Holzhauser Str. (Berlin);5;5.0
U Hönow (Berlin);2;2.0
U Jakob-Kaiser-Platz (Berlin);2;2.0
U Johannisthaler Chaussee (Berlin);3;3.0
U Kaiserdamm (Berlin);4;4.0
U Kaiserin-Augusta-Str. (Berlin);4;4.0
U Karl-Marx-Str. (Berlin);2;2.0
U Kaulsdorf-Nord (Berlin);3;3.0
U Kienberg (Berlin);2;2.0
U Kleistpark (Berlin);2;2.0
U Kochstr./Checkpoint Charlie (Berlin);2;2.0
U Konstanzer Str. (Berlin);2;2.0
U Kottbusser Tor (Berlin);5;5.0
U Krumme Lanke (Berlin);6;7.0
U Kurfürstendamm (Berlin);5;5.0
U Kurfürstenstr. (Berlin);3;3.0
U Kurt-Schumacher-Platz (Berlin);3;3.0
U Leinestr. (Berlin);2;2.0
U Leopoldplatz (Berlin);6;6.0
U Lindauer Allee (Berlin);2;2.0
U Lipschitzallee (Berlin);2;1.0
U Louis-Lewin-Str. (Berlin);4;4.0
U Magdalenenstr. (Berlin);1;1.0
U Magdalenenstr./Buchberger Str. (Berlin);3;3.0
U Mehringdamm (Berlin);8;8.0
U Mendelssohn-Bartholdy-Park (Berlin);2;2.0
U Mierendorffplatz (Berlin);3;3.0
U Mohrenstr. (Berlin);3;3.0
U Moritzplatz (Berlin);4;4.0
U Museumsinsel (Berlin);2;2.0
U Märkisches Museum (Berlin);3;5.0
U Märkisches Museum/Inselstr. (Berlin);1;2.0
U Möckernbrücke (Berlin);2;2.0
U Naturkundemuseum (Berlin);4;4.0
U Nauener Platz (Berlin);3;3.0
U Neu-Westend (Berlin);2;2.0
U Nollendorfplatz (Berlin);3;3.0
U Onkel Toms Hütte (Berlin);2;2.0
U Oranienburger Tor (Berlin);2;2.0
U Oskar-Helene-Heim (Berlin);7;8.0
U Osloer Str. (Berlin);7;9.0
U Otisstraße (Berlin);2;2.0
U Pankstr. (Berlin);4;4.0
U Paracelsus-Bad (Berlin);6;7.0
U Paracelsus-Bad/Aroser Allee (Berlin);3;3.0
U Paradestr. (Berlin);2;2.0
U Parchimer Allee (Berlin);2;2.0
U Paulsternstr. (Berlin);3;4.0
U Platz der Luftbrücke (Berlin);5;5.0
U Prinzenstr. (Berlin);4;4.0
U Rathaus Neukölln (Berlin);2;2.0
U Rathaus Neukölln/Alfred-Scholz-Platz (Berlin);1;1.0
U Rathaus Reinickendorf (Berlin);5;5.0
U Rehberge (Berlin);2;2.0
U Reinickendorfer Str. (Berlin);5;5.0
U Reinickendorfer Str./Sellerstr. (Berlin);2;2.0
U Residenzstr. (Berlin);4;4.0
U Richard-Wagner-Platz (Berlin);4;4.0
U Rohrdamm (Berlin);4;4.0
U Rosa-Luxemburg-Platz (Berlin);4;4.0
U Rosenthaler Platz (Berlin);4;4.0
U Rotes Rathaus (Berlin);2;2.0
U Rudow (Berlin);8;10.0
U Ruhleben (Berlin);4;4.0
U Rüdesheimer Platz (Berlin);2;2.0
U Samariterstr. (Berlin);2;2.0
U Scharnweberstr. (Berlin);3;3.0
U Schillingstr. (Berlin);2;2.0
U Schlesisches Tor (Berlin);4;4.0
U Schloßstr. (Berlin);4;4.0
U Schwartzkopffstr. (Berlin);1;1.0
U Schönleinstr. (Berlin);2;2.0
U Seestr. (Berlin);5;5.0
U Senefelderplatz (Berlin);2;2.0
U Siemensdamm (Berlin);4;4.0
U Sophie-Charlotte-Platz (Berlin);4;4.0
U Spichernstr. (Berlin);2;2.0
U Spittelmarkt (Berlin);3;3.0
U Stadtmitte (Berlin);3;4.0
U Strausberger Platz (Berlin);4;4.0
U Südstern (Berlin);2;2.0
U Tempelhof/Ringbahnstr. (Berlin);2;2.0
U Theodor-Heuss-Platz (Berlin);1;1.0
U Theodor-Heuss-Platz Süd (Berlin);1;1.0
U Theodor-Heuss-Platz West (Berlin);2;4.0
U Tierpark (Berlin);4;5.0
U Turmstr. (Berlin);6;6.0
U Uhlandstr. (Berlin);2;2.0
U Ullsteinstr. (Berlin);2;2.0
U Ullsteinstr./Ordensmeisterstr. (Berlin);4;4.0
U Unter den Linden (Berlin);4;4.0
U Vinetastr. (Berlin);5;5.0
U Voltastr. (Berlin);4;4.0
U Walther-Schreiber-Platz (Berlin);5;5.0
U Weberwiese (Berlin);4;4.0
U Weinmeisterstr. (Berlin);1;1.0
U Weinmeisterstr./Gipsstr. (Berlin);2;2.0
U Westphalweg (Berlin);3;3.0
U Wilmersdorfer Str. (Berlin);2;2.0
U Wilmersdorfer Str./S Charlottenburg (Berlin);2;4.0
U Wittenau (Berlin);3;3.0
U Wittenbergplatz (Berlin);3;3.0
U Zitadelle (Berlin);2;2.0
U Zwickauer Damm (Berlin);2;2.0
Uckermarkstr. (Berlin);1;1.0
Uferstr. (Berlin);2;2.0
Uhlandstr./Kantstr. (Berlin);2;2.0
Uhlandstr./Wilhelmsruher Damm (Berlin);2;1.0
Umspannwerk Malchow (Berlin);2;2.0
Ungewitterweg (Berlin);1;1.0
Unter den Birken (Berlin);2;2.0
Unter den Eichen/Botanischer Garten (Berlin);2;2.0
Unter den Eichen/Drakestr. (Berlin);5;5.0
Uranusweg (Berlin);2;2.0
Urban Tech Republic (Berlin);1;
Urbanstr./Baerwaldstr. (Berlin);4;4.0
Usedomer Str. (Berlin);2;2.0
Veltheimstr. (Berlin);3;3.0
Veltheimstr./Schildower Str. (Berlin);1;1.0
Venusstr. (Berlin);3;3.0
Verlängerte Koloniestr. (Berlin);2;2.0
Vienweg (Berlin);2;2.0
Viersener Str. (Berlin);2;2.0
Viktoriapark (Berlin);2;2.0
Vincent-van-Gogh-Str. (Berlin);2;2.0
Vionvillestr. (Berlin);2;2.0
Vogelsang (Berlin);2;2.0
Volkmarstr. (Berlin);2;1.0
Volkmarstr./Ullsteinstr. (Berlin);1;1.0
Volkspark Lichtenrade (Berlin);2;2.0
Vollkropfgraben (Berlin);2;2.0
Vom Guten Hirten (Berlin);2;2.0
Von-Laue-Str. (Berlin);2;2.0
Von-der-Gablentz-Str. (Berlin);2;2.0
Wacholderheide (Berlin);1;1.0
Wackenbergstr. (Berlin);1;1.0
Waidmannsluster Damm/Oraniendamm (Berlin);6;6.0
Waldallee (Berlin);2;2.0
Waldammerweg (Berlin);2;2.0
Waldbacher Weg (Berlin);1;1.0
Waldeckpark (Berlin);2;2.0
Waldemarstr./Adalbertstr. (Berlin);2;2.0
Waldemarstr./Manteuffelstr. (Berlin);2;2.0
Walderseestr. (Berlin);2;2.0
Waldesruh, Heinrich-Heine-Promenade;2;2.0
Waldesruh, Humboldtstr.;2;2.0
Waldesruh, Mahlsdorfer Allee;1;1.0
Waldfriedhof Dahlem (Berlin);3;3.0
Waldfriedhof Müggelheim (Berlin);2;2.0
Waldfriedhof Zehlendorf (Berlin);2;2.0
Waldhaus (Berlin);2;2.0
Waldhaus-Klinik (Berlin);1;1.0
Waldhornstr. (Berlin);2;2.0
Waldkauzstr. (Berlin);2;2.0
Waldowallee (Berlin);2;2.0
Waldsassener Str. (Berlin);4;6.0
Waldschluchtpfad (Berlin);2;2.0
Waldschützpfad (Berlin);2;2.0
Waldseeweg (Berlin);2;2.0
Waldstr./Gewerbegebiet (Berlin);2;2.0
Walkürenstr. (Berlin);1;1.0
Wallensteinstr. (Berlin);1;1.0
Walter-Felsenstein-Str. (Berlin);2;2.0
Waltersdorfer Chaussee/Ostburger Weg (Berlin);2;2.0
Waltersdorfer Str./Parchwitzer Str. (Berlin);1;2.0
Walther-Huth-Str. (Berlin);2;2.0
Walther-Nernst-Str. (Berlin);2;2.0
Waltraudstr. (Berlin);2;2.0
Wangenheimstr. (Berlin);2;2.0
Wannseebadweg (Berlin);2;2.0
Wannseebrücke (Berlin);4;4.0
Warburgzeile (Berlin);2;2.0
Warmbrunner Str. (Berlin);2;2.0
Warmensteinacher Str. (Berlin);2;3.0
Wassergrundstr. (Berlin);1;1.0
Wassermannstr. (Berlin);2;2.0
Wasserwerk Beelitzhof (Berlin);2;2.0
Wasserwerk Spandau (Berlin);1;2.0
Wasserwerk Tegel (Berlin);2;2.0
Watzmannweg (Berlin);2;2.0
Wedekindstr. (Berlin);4;4.0
Wedellstr. (Berlin);2;2.0
Weg nach Reiswerder (Berlin);2;2.0
Wegedornstr. (Berlin);2;2.0
Wegedornstr./Semmelweisstr. (Berlin);2;2.0
Weichselstr. (Berlin);2;2.0
Weidenweg (Berlin);2;2.0
Weinbrennerweg (Berlin);2;2.0
Weinmeisterhornweg (Berlin);2;2.0
Weinstr. (Berlin);2;2.0
Weisestr. (Berlin);1;1.0
Weiskopffstr. (Berlin);2;2.0
Weiße Stadt (Berlin);2;2.0
Weißenburger Str. (Berlin);2;2.0
Weißenhöher Str. (Berlin);2;2.0
Weißer See (Berlin);4;4.0
Welfenallee (Berlin);2;2.0
Welzower Steig (Berlin);2;2.0
Wenckebachstr. (Berlin);2;2.0
Wendenschloß (Berlin);1;1.0
Wendenstr. (Berlin);2;2.0
Wentowsteig (Berlin);2;2.0
Werbellinstr. (Berlin);1;1.0
Werderlake (Berlin);2;2.0
Werderscher Markt (Berlin);2;2.0
Werderstr. (Berlin);2;2.0
Werkring (Berlin);2;2.0
Wernersee (Berlin);3;3.0
Wernerstr. (Berlin);2;2.0
Werneuchener Str./Große-Leege-Str. (Berlin);2;2.0
Werrastr. (Berlin);2;2.0
Wesenberger Ring (Berlin);2;2.0
Wesendorfer Str. (Berlin);2;2.0
Weskammstr. (Berlin);4;4.0
Wesselburer Weg (Berlin);2;2.0
Westendallee (Berlin);2;2.0
Westendsiedlung (Berlin);2;2.0
Westfälische Str./Konstanzer Str. (Berlin);2;2.0
Westweg (Berlin);2;2.0
Wexstr. (Berlin);2;2.0
Wichurastr. (Berlin);2;2.0
Wiebestr./Huttenstr. (Berlin);2;2.0
Wielandstr. (Berlin);2;2.0
Wiesbadener Str./Laubacher Str. (Berlin);4;4.0
Wiesendamm (Berlin);2;2.0
Wiesenstr. (Berlin);2;2.0
Wildenbruchplatz (Berlin);2;2.0
Wildmeisterdamm (Berlin);2;1.0
Wildrosengehölz (Berlin);1;1.0
Wilhelm-Blos-Str. (Berlin);2;2.0
Wilhelm-Borgmann-Brücke (Berlin);1;1.0
Wilhelm-Kuhr-Str. (Berlin);2;2.0
Wilhelm-Ostwald-Str. (Berlin);2;2.0
Wilhelm-von-Siemens-Str. (Berlin);2;2.0
Wilhelminenhofstr./Edisonstr. (Berlin);3;2.0
Wilhelmplatz (Berlin);3;3.0
Wilhelmsmühlenweg (Berlin);3;3.0
Wilhelmsruher Damm (Berlin);4;5.0
Wilhelmsruher Damm/Treuenbrietzener Str. (Berlin);5;5.0
Wilhelmstr./Franz-Klühs-Str. (Berlin);2;2.0
Wilhelmstr./Kochstr. (Berlin);2;2.0
Will-Meisel-Weg (Berlin);1;1.0
Willy-Brandt-Haus (Berlin);2;2.0
Wilmsstr. (Berlin);2;2.0
Wiltbergstr. (Berlin);2;2.0
Wiltbergstr./Hobrechtsfelder Chaussee (Berlin);2;2.0
Windenweg (Berlin);2;2.0
Windmühlenberg (Berlin);2;2.0
Windröschenweg (Berlin);2;2.0
Windsteiner Weg (Berlin);2;2.0
Winfriedstr. (Berlin);2;2.0
Winterfeldtplatz (Berlin);2;2.0
Wirmerzeile (Berlin);2;2.0
Wismarer Str. (Berlin);6;7.0
Wismarplatz (Berlin);1;1.0
Wittelsbacherstr./Augsburger Str. (Berlin);1;1.0
Wittenau Kirche (Berlin);3;3.0
Wittenauer Str./Eichhorster Weg (Berlin);2;2.0
Wittlicher Str. (Berlin);2;2.0
Wittstocker Str. (Berlin);2;2.0
Wodanstr. (Berlin);1;2.0
Woelckpromenade (Berlin);2;2.0
Wohlrabedamm Mitte (Berlin);2;2.0
Wohlrabedamm/Rohrdamm (Berlin);2;2.0
Wohlrabedamm/Siemensdamm (Berlin);2;2.0
Wolburgsweg (Berlin);2;2.0
Wolfmarsteig (Berlin);2;2.0
Wollankstr./Florastr. (Berlin);1;1.0
Woltmannweg (Berlin);1;1.0
Wolziger Zeile (Berlin);1;1.0
Wolzogenstr. (Berlin);2;2.0
Wongrowitzer Steig (Berlin);2;2.0
Wrangelstr. (Berlin);2;2.0
Wunsiedeler Weg (Berlin);2;2.0
Wupperstr. (Berlin);2;2.0
Wussowstr. (Berlin);2;2.0
Wönnichstr. (Berlin);2;2.0
Wühlischstr./Gärtnerstr. (Berlin);1;1.0
Wünsdorfer Str./Blohmstr. (Berlin);1;1.0
Württembergallee (Berlin);2;2.0
Würzburger Str. (Berlin);1;1.0
Wüsthoffstr. (Berlin);2;2.0
Zabel-Krüger-Damm/Alt-Lübars (Berlin);2;2.0
Zabel-Krüger-Damm/Titiseestr. (Berlin);3;3.0
Zadekstr. (Berlin);2;2.0
Zehntwerderweg (Berlin);2;2.0
Zeitzer Str. (Berlin);2;2.0
Zeltinger Platz (Berlin);1;1.0
Zeltinger Platz/S Frohnau (Berlin);2;2.0
Zentralfriedhof (Berlin);1;1.0
Zerpenschleuser Ring (Berlin);2;
Zerpenschleuser Ring Nord (Berlin);1;
Zerpenschleuser Ring Süd (Berlin);1;
Zeuthener Weg (Berlin);2;
Ziegenorter Pfad (Berlin);2;2.0
Ziegrastr. (Berlin);2;2.0
Zillestr. (Berlin);2;2.0
Zimmererweg (Berlin);2;2.0
Zingerleweg (Berlin);1;1.0
Zinndorfer Str. (Berlin);2;2.0
Zinsgutstr. (Berlin);2;2.0
Zinzendorfstr. (Berlin);2;2.0
Zionsfriedhof (Berlin);2;2.0
Zitadelle Spandau (Berlin);2;2.0
Zittauer Str. (Berlin);1;2.0
Zobeltitzstr. (Berlin);2;2.0
Zoppoter Str. (Berlin);2;2.0
Zossener Brücke (Berlin);2;2.0
Zu den Krugwiesen (Berlin);2;2.0
Zum Heckeshorn (Berlin);1;1.0
Zur Alten Börse (Berlin);2;2.0
Zur Gartenstadt (Berlin);2;2.0
Zur Haveldüne (Berlin);2;2.0
Zur Maarer Str. (Berlin);2;2.0
Zur Nachtheide (Berlin);2;1.0
Zweibrücker Str. (Berlin);2;2.0
Zweiwinkelweg (Berlin);2;2.0
Züricher Str. (Berlin);2;2.0
Öschelbronner Weg (Berlin);2;2.0
